time,lat,lon,hMSL,velN,velE,velD,hAcc,vAcc,sAcc,heading,cAcc,gpsFix,numSV
,(deg),(deg),(m),(m/s),(m/s),(m/s),(m),(m),(m/s),(deg),(deg),,
2026-09-12T10:21:30.10Z,47.8992716,2.1573003,1651.155,17.81,-8.24,14.29,235.730,406.181,5.22,335.16230,23.40175,3,4
2026-09-12T10:21:30.40Z,47.8993207,2.1572699,1646.960,18.17,-7.65,14.18,105.622,180.509,1.93,337.17368,8.90198,3,4
2026-09-12T10:21:30.60Z,47.8993581,2.1572521,1644.982,18.69,-7.05,13.16,118.539,203.617,1.50,339.34452,8.13849,3,4
2026-09-12T10:21:30.70Z,47.8993769,2.1572442,1644.056,18.93,-6.80,12.83,108.051,185.681,1.30,340.25114,7.58186,3,4
2026-09-12T10:21:30.80Z,47.8993958,2.1572365,1643.135,19.29,-6.47,12.09,100.460,172.721,1.02,341.46306,7.01363,3,4
2026-09-12T10:21:30.90Z,47.8994157,2.1572294,1642.418,19.82,-6.07,10.91,93.649,161.008,0.65,342.98117,6.38051,3,4
2026-09-12T10:21:31.00Z,47.8994347,2.1572219,1641.553,19.96,-5.87,10.79,88.787,152.663,0.59,343.61750,6.02333,3,4
2026-09-12T10:21:31.10Z,47.8994541,2.1572149,1640.736,20.17,-5.57,10.37,84.522,145.435,0.48,344.56310,5.61794,3,4
2026-09-12T10:21:31.20Z,47.8994737,2.1572085,1640.016,20.31,-5.23,9.83,80.831,139.157,0.41,345.56132,5.30431,3,4
2026-09-12T10:21:31.40Z,47.8995080,2.1571937,1637.599,20.52,-4.57,9.34,77.192,132.870,0.44,347.43307,5.00393,3,4
2026-09-12T10:21:31.50Z,47.8995257,2.1571872,1636.541,20.51,-4.37,9.05,74.000,127.360,0.45,347.97908,4.80527,3,4
2026-09-12T10:21:31.60Z,47.8995451,2.1571821,1635.863,20.80,-4.29,8.30,68.867,118.402,0.50,348.34394,4.51870,3,4
2026-09-12T10:21:31.70Z,47.8995627,2.1571754,1634.844,20.56,-4.52,8.39,63.522,109.041,0.45,347.58977,4.36191,3,4
2026-09-12T10:21:31.80Z,47.8995824,2.1571702,1634.296,20.49,-4.45,8.02,59.285,101.639,0.49,347.73622,4.16438,3,4
2026-09-12T10:21:31.90Z,47.8995993,2.1571632,1633.172,20.60,-4.41,7.84,55.831,95.605,0.51,347.91947,3.96013,3,4
2026-09-12T10:21:32.00Z,47.8996145,2.1571553,1631.682,20.43,-4.12,8.16,51.756,88.448,0.46,348.60125,3.77463,3,4
2026-09-12T10:21:32.20Z,47.8996505,2.1571438,1629.944,20.42,-4.12,7.60,48.662,82.949,0.61,348.58400,3.84749,3,4
2026-09-12T10:21:32.30Z,47.8996659,2.1571364,1628.578,20.16,-3.99,7.63,46.170,78.493,0.69,348.79106,3.99286,3,4
2026-09-12T10:21:32.40Z,47.8996839,2.1571313,1627.793,20.27,-3.74,7.32,43.698,74.061,0.72,349.55143,3.81591,3,4
2026-09-12T10:21:32.60Z,47.8997183,2.1571205,1625.879,20.35,-3.33,7.25,41.660,70.400,0.78,350.70182,3.69687,3,4
2026-09-12T10:21:32.80Z,47.8997566,2.1571136,1624.747,20.47,-2.82,6.74,39.855,67.145,0.84,352.14170,3.48458,3,4
2026-09-12T10:21:32.90Z,47.8997735,2.1571090,1623.748,20.26,-2.72,6.93,38.369,64.454,0.78,352.35448,3.33779,3,4
2026-09-12T10:21:33.00Z,47.8997925,2.1571061,1623.162,20.45,-2.63,6.92,37.077,62.115,0.78,352.65900,3.19498,3,4
2026-09-12T10:21:33.10Z,47.8998126,2.1571041,1622.809,20.82,-2.42,6.34,35.939,60.058,0.82,353.37997,2.94525,3,4
2026-09-12T10:21:33.30Z,47.8998517,2.1571004,1621.854,20.42,-1.73,6.62,34.892,58.206,0.72,355.14640,2.62559,3,4
2026-09-12T10:21:33.40Z,47.8998727,2.1571006,1621.616,20.37,-1.60,6.66,33.937,56.522,0.69,355.49836,2.51452,3,4
2026-09-12T10:21:33.50Z,47.8998925,2.1571001,1621.212,20.33,-1.37,6.64,33.062,54.982,0.69,356.14626,2.42210,3,4
2026-09-12T10:21:33.60Z,47.8999126,2.1571001,1620.895,20.16,-1.12,6.70,32.152,53.468,0.58,356.81583,2.12666,3,4
2026-09-12T10:21:33.70Z,47.8999337,2.1571012,1620.756,20.27,-1.06,6.64,31.223,51.983,0.52,357.00948,1.91979,3,4
2026-09-12T10:21:33.90Z,47.8999741,2.1571029,1620.014,20.18,-0.38,7.07,30.347,50.607,0.45,358.91326,1.71208,3,4
2026-09-12T10:21:34.00Z,47.8999941,2.1571041,1619.615,20.16,-0.36,7.21,29.544,49.332,0.43,358.97351,1.67297,3,4
2026-09-12T10:21:34.20Z,47.9000314,2.1571053,1618.350,19.81,0.33,7.41,28.820,48.177,0.41,0.95712,1.58048,3,4
2026-09-12T10:21:34.30Z,47.9000501,2.1571068,1617.788,19.83,0.66,7.52,28.141,47.085,0.41,1.90978,1.50039,3,4
2026-09-12T10:21:34.40Z,47.9000686,2.1571086,1617.188,19.71,1.12,7.50,27.547,46.133,0.41,3.23828,1.44842,3,4
2026-09-12T10:21:34.50Z,47.9000872,2.1571112,1616.633,19.88,1.67,7.46,26.994,45.242,0.42,4.80139,1.34256,3,4
2026-09-12T10:21:34.70Z,47.9001253,2.1571182,1615.594,19.81,2.14,7.62,26.488,44.426,0.42,6.16707,1.27800,3,4
2026-09-12T10:21:34.90Z,47.9001643,2.1571275,1614.656,20.16,2.96,7.67,26.014,43.659,0.44,8.35302,1.14654,3,4
2026-09-12T10:21:35.10Z,47.9002008,2.1571371,1613.257,19.86,3.92,8.05,25.542,42.886,0.41,11.15620,0.98897,3,4
2026-09-12T10:21:35.30Z,47.9002393,2.1571504,1612.162,19.79,4.38,8.22,25.216,42.373,0.40,12.46875,0.97586,3,4
2026-09-12T10:21:35.40Z,47.9002578,2.1571569,1611.517,19.85,4.50,8.28,24.944,41.954,0.40,12.78039,1.02570,3,4
2026-09-12T10:21:35.50Z,47.9002760,2.1571632,1610.842,19.74,4.70,8.30,24.576,41.355,0.40,13.38516,0.93185,3,4
2026-09-12T10:21:35.70Z,47.9003131,2.1571778,1609.486,19.63,5.20,8.42,24.241,40.810,0.40,14.82651,0.88084,3,4
2026-09-12T10:21:35.90Z,47.9003523,2.1571956,1608.552,19.61,5.82,8.66,23.900,40.249,0.39,16.53712,0.76829,3,4
2026-09-12T10:21:36.00Z,47.9003722,2.1572053,1608.146,19.55,6.21,8.70,23.562,39.691,0.38,17.62033,0.72716,3,4
2026-09-12T10:21:36.20Z,47.9004070,2.1572222,1606.351,19.65,6.68,8.87,23.274,39.220,0.38,18.77028,0.74260,3,4
2026-09-12T10:21:36.30Z,47.9004238,2.1572305,1605.390,19.57,6.93,8.87,22.981,38.740,0.38,19.48771,0.72229,3,4
2026-09-12T10:21:36.50Z,47.9004603,2.1572503,1603.912,19.74,7.29,8.64,22.798,38.453,0.41,20.26718,0.72634,3,4
2026-09-12T10:21:36.60Z,47.9004796,2.1572615,1603.391,19.45,7.64,8.80,22.605,38.149,0.39,21.45810,0.71278,3,4
2026-09-12T10:21:36.70Z,47.9004990,2.1572733,1602.851,19.52,8.00,8.77,22.420,37.855,0.40,22.27598,0.69945,3,4
2026-09-12T10:21:36.80Z,47.9005180,2.1572853,1602.266,19.56,8.26,8.75,22.240,37.570,0.40,22.90239,0.69172,3,4
2026-09-12T10:21:36.90Z,47.9005353,2.1572964,1601.393,19.34,8.52,8.88,22.068,37.296,0.39,23.77502,0.69360,3,4
2026-09-12T10:21:37.00Z,47.9005536,2.1573086,1600.692,19.44,8.78,8.89,21.871,36.976,0.40,24.29241,0.67409,3,4
2026-09-12T10:21:37.10Z,47.9005728,2.1573219,1600.148,19.33,9.03,8.86,21.680,36.665,0.40,25.03924,0.67651,3,4
2026-09-12T10:21:37.30Z,47.9006071,2.1573464,1598.303,19.26,9.48,8.96,21.478,36.330,0.40,26.21505,0.69539,3,4
2026-09-12T10:21:37.40Z,47.9006241,2.1573589,1597.383,19.45,9.72,8.82,21.300,36.039,0.41,26.55412,0.74371,3,4
2026-09-12T10:21:37.50Z,47.9006413,2.1573717,1596.478,19.42,9.94,8.88,21.129,35.758,0.41,27.11409,0.74484,3,4
2026-09-12T10:21:37.60Z,47.9006578,2.1573844,1595.414,19.59,10.09,8.77,20.964,35.488,0.42,27.25324,0.73890,3,4
2026-09-12T10:21:37.70Z,47.9006740,2.1573969,1594.319,19.48,10.28,8.79,20.806,35.230,0.42,27.83179,0.74447,3,4
2026-09-12T10:21:37.80Z,47.9006908,2.1574104,1593.381,19.29,10.54,8.68,20.654,34.981,0.43,28.65040,0.75527,3,4
2026-09-12T10:21:37.90Z,47.9007079,2.1574245,1592.505,19.17,10.72,8.63,20.470,34.674,0.43,29.19885,0.71118,3,4
2026-09-12T10:21:38.00Z,47.9007240,2.1574383,1591.442,19.12,11.00,8.70,20.293,34.377,0.43,29.91070,0.72141,3,4
2026-09-12T10:21:38.20Z,47.9007632,2.1574713,1590.637,18.86,11.24,9.16,7.139,12.209,0.18,30.78707,0.41434,3,11
2026-09-12T10:21:38.40Z,47.9007970,2.1575013,1588.768,18.82,11.50,9.10,5.219,9.003,0.16,31.42960,0.41568,3,11
2026-09-12T10:21:38.50Z,47.9008144,2.1575167,1587.899,18.94,11.68,9.00,4.333,7.527,0.16,31.65713,0.40786,3,11
2026-09-12T10:21:38.60Z,47.9008315,2.1575322,1586.971,18.86,11.81,8.92,3.792,6.628,0.16,32.04398,0.40714,3,11
2026-09-12T10:21:38.70Z,47.9008484,2.1575478,1586.030,18.69,11.96,8.96,3.422,6.013,0.16,32.62884,0.41003,3,11
2026-09-12T10:21:38.80Z,47.9008654,2.1575639,1585.127,18.67,12.19,8.90,3.156,5.572,0.16,33.14744,0.40918,3,11
2026-09-12T10:21:38.90Z,47.9008823,2.1575802,1584.228,18.56,12.41,8.90,2.947,5.225,0.15,33.76586,0.40966,3,11
2026-09-12T10:21:39.00Z,47.9008992,2.1575968,1583.345,18.39,12.50,8.81,2.784,4.955,0.15,34.19155,0.41193,3,11
2026-09-12T10:21:39.10Z,47.9009162,2.1576137,1582.525,18.30,12.65,8.71,2.658,4.746,0.15,34.65085,0.41251,3,11
2026-09-12T10:21:39.20Z,47.9009332,2.1576308,1581.704,18.38,12.75,8.75,2.552,4.572,0.15,34.75668,0.41029,3,11
2026-09-12T10:21:39.30Z,47.9009502,2.1576481,1580.905,18.42,12.74,8.58,2.463,4.426,0.15,34.67365,0.40935,3,11
2026-09-12T10:21:39.40Z,47.9009670,2.1576651,1580.049,18.43,12.80,8.57,2.373,4.275,0.16,34.77649,0.40907,3,11
2026-09-12T10:21:39.50Z,47.9009838,2.1576823,1579.203,18.51,12.97,8.54,2.292,4.140,0.16,35.01321,0.40663,3,11
2026-09-12T10:21:39.60Z,47.9010007,2.1576997,1578.387,18.36,13.04,8.44,2.223,4.025,0.16,35.38797,0.40899,3,11
2026-09-12T10:21:39.70Z,47.9010173,2.1577170,1577.538,18.41,13.06,8.33,2.157,3.915,0.16,35.36307,0.40799,3,11
2026-09-12T10:21:39.80Z,47.9010341,2.1577346,1576.707,18.42,13.23,8.37,2.100,3.819,0.15,35.67731,0.40338,3,11
2026-09-12T10:21:39.90Z,47.9010508,2.1577523,1575.888,18.29,13.34,8.21,2.047,3.731,0.15,36.10766,0.40506,3,11
2026-09-12T10:21:40.00Z,47.9010673,2.1577701,1575.045,18.29,13.42,8.21,1.997,3.645,0.15,36.27564,0.40443,3,11
2026-09-12T10:21:40.10Z,47.9010839,2.1577880,1574.225,18.31,13.45,8.15,1.951,3.568,0.15,36.30611,0.38753,3,11
2026-09-12T10:21:40.20Z,47.9011004,2.1578060,1573.391,18.29,13.51,8.15,1.908,3.495,0.16,36.43960,0.38769,3,11
2026-09-12T10:21:40.30Z,47.9011169,2.1578239,1572.557,18.20,13.51,8.13,1.867,3.426,0.16,36.58823,0.38931,3,11
2026-09-12T10:21:40.40Z,47.9011334,2.1578420,1571.756,18.23,13.43,8.10,1.832,3.366,0.16,36.39183,0.38921,3,11
2026-09-12T10:21:40.50Z,47.9011499,2.1578599,1570.939,18.18,13.46,8.02,1.797,3.307,0.16,36.52413,0.37873,3,11
2026-09-12T10:21:40.60Z,47.9011664,2.1578779,1570.126,18.22,13.46,7.98,1.763,3.250,0.16,36.44887,0.37796,3,11
2026-09-12T10:21:40.70Z,47.9011828,2.1578958,1569.306,18.23,13.48,8.00,1.732,3.195,0.15,36.48243,0.37768,3,11
2026-09-12T10:21:40.80Z,47.9011992,2.1579138,1568.504,18.11,13.43,7.96,1.703,3.146,0.15,36.57063,0.38008,3,11
2026-09-12T10:21:40.90Z,47.9012156,2.1579317,1567.704,18.14,13.41,7.90,1.675,3.099,0.15,36.46632,0.37961,3,11
2026-09-12T10:21:41.00Z,47.9012320,2.1579495,1566.903,18.17,13.46,7.79,1.648,3.052,0.15,36.54317,0.37881,3,11
2026-09-12T10:21:41.10Z,47.9012484,2.1579675,1566.112,18.15,13.42,7.83,1.622,3.007,0.15,36.47040,0.37932,3,11
2026-09-12T10:21:41.20Z,47.9012648,2.1579853,1565.317,18.32,13.33,7.88,1.597,2.965,0.16,36.03446,0.37691,3,11
2026-09-12T10:21:41.30Z,47.9012814,2.1580029,1564.531,18.33,13.16,7.76,1.575,2.927,0.16,35.66624,0.37758,3,11
2026-09-12T10:21:41.40Z,47.9012980,2.1580204,1563.739,18.45,13.11,7.74,1.552,2.887,0.16,35.39179,0.37584,3,11
2026-09-12T10:21:41.50Z,47.9013146,2.1580378,1562.937,18.50,13.10,7.68,1.529,2.849,0.16,35.28792,0.37489,3,11
2026-09-12T10:21:41.60Z,47.9013312,2.1580552,1562.140,18.43,13.07,7.58,1.507,2.810,0.16,35.33170,0.37625,3,11
2026-09-12T10:21:41.70Z,47.9013477,2.1580724,1561.332,18.43,13.06,7.57,1.486,2.772,0.16,35.32938,0.37634,3,11
2026-09-12T10:21:41.80Z,47.9013642,2.1580898,1560.544,18.31,13.11,7.50,1.466,2.738,0.16,35.60034,0.37828,3,11
2026-09-12T10:21:41.90Z,47.9013807,2.1581072,1559.756,18.38,13.08,7.60,1.446,2.704,0.16,35.44605,0.37728,3,11
2026-09-12T10:21:42.00Z,47.9013972,2.1581245,1558.954,18.46,13.06,7.60,1.427,2.669,0.16,35.27367,0.37585,3,11
2026-09-12T10:21:42.10Z,47.9014137,2.1581419,1558.166,18.29,13.12,7.53,1.408,2.636,0.16,35.66036,0.37860,3,11
2026-09-12T10:21:42.20Z,47.9014301,2.1581592,1557.385,18.28,12.95,7.49,1.390,2.604,0.16,35.30489,0.37951,3,11
2026-09-12T10:21:42.30Z,47.9014465,2.1581763,1556.589,18.43,12.85,7.50,1.373,2.573,0.16,34.89763,0.38861,3,11
2026-09-12T10:21:42.40Z,47.9014631,2.1581935,1555.816,18.44,13.00,7.35,1.357,2.543,0.15,35.18769,0.38757,3,11
2026-09-12T10:21:42.50Z,47.9014796,2.1582107,1555.049,18.28,12.95,7.49,1.341,2.515,0.15,35.30892,0.39072,3,11
2026-09-12T10:21:42.60Z,47.9014960,2.1582280,1554.293,18.19,13.02,7.46,1.327,2.490,0.15,35.59979,0.39191,3,11
2026-09-12T10:21:42.70Z,47.9015124,2.1582455,1553.550,18.12,13.20,7.38,1.314,2.466,0.15,36.07666,0.38098,3,11
2026-09-12T10:21:42.80Z,47.9015287,2.1582632,1552.808,18.02,13.37,7.49,1.302,2.444,0.15,36.57580,0.38190,3,11
2026-09-12T10:21:42.90Z,47.9015449,2.1582811,1552.064,17.97,13.45,7.43,1.290,2.423,0.15,36.80971,0.38229,3,11
2026-09-12T10:21:43.00Z,47.9015612,2.1582991,1551.317,18.02,13.63,7.45,1.279,2.403,0.15,37.09477,0.38047,3,11
2026-09-12T10:21:43.10Z,47.9015774,2.1583174,1550.581,17.79,13.73,7.39,1.267,2.383,0.15,37.64559,0.38387,3,11
2026-09-12T10:21:43.20Z,47.9015933,2.1583357,1549.832,17.61,13.84,7.50,1.256,2.362,0.15,38.16046,0.38631,3,11
2026-09-12T10:21:43.30Z,47.9016091,2.1583543,1549.077,17.45,13.96,7.51,1.245,2.343,0.15,38.66048,0.38836,3,11
2026-09-12T10:21:43.40Z,47.9016248,2.1583730,1548.324,17.33,14.11,7.60,1.234,2.323,0.15,39.14559,0.38966,3,11
2026-09-12T10:21:43.50Z,47.9016403,2.1583919,1547.553,17.15,14.31,7.63,1.224,2.304,0.15,39.84592,0.39278,3,11
2026-09-12T10:21:43.60Z,47.9016557,2.1584110,1546.792,16.99,14.35,7.61,1.214,2.287,0.15,40.18187,0.41833,3,11
2026-09-12T10:21:43.70Z,47.9016710,2.1584302,1546.028,16.85,14.52,7.56,1.204,2.270,0.15,40.75657,0.41952,3,11
2026-09-12T10:21:43.80Z,47.9016861,2.1584498,1545.257,16.65,14.84,7.63,1.195,2.253,0.15,41.71081,0.42064,3,11
2026-09-12T10:21:43.90Z,47.9017010,2.1584697,1544.478,16.38,15.16,7.68,1.185,2.236,0.15,42.78979,0.42273,3,11
2026-09-12T10:21:44.00Z,47.9017156,2.1584901,1543.688,16.15,15.48,7.91,1.176,2.220,0.14,43.77812,0.42178,3,11
2026-09-12T10:21:44.10Z,47.9017301,2.1585108,1542.885,16.01,15.61,8.05,1.167,2.204,0.15,44.27981,0.42558,3,11
2026-09-12T10:21:44.20Z,47.9017446,2.1585318,1542.079,15.99,15.84,8.00,1.160,2.190,0.15,44.72996,0.42387,3,11
2026-09-12T10:21:44.30Z,47.9017589,2.1585531,1541.273,15.76,16.02,7.98,1.151,2.175,0.15,45.46507,0.42588,3,11
2026-09-12T10:21:44.40Z,47.9017730,2.1585745,1540.454,15.58,16.14,7.99,1.143,2.161,0.15,46.00762,0.43699,3,11
2026-09-12T10:21:44.50Z,47.9017870,2.1585961,1539.650,15.43,16.25,8.01,1.135,2.147,0.15,46.48662,0.43845,3,11
2026-09-12T10:21:44.60Z,47.9018009,2.1586179,1538.835,15.35,16.54,8.02,1.128,2.134,0.15,47.13885,0.44624,3,11
2026-09-12T10:21:44.70Z,47.9018146,2.1586401,1538.026,14.98,16.71,8.17,1.120,2.121,0.15,48.12553,0.43616,3,11
2026-09-12T10:21:44.80Z,47.9018280,2.1586625,1537.201,14.84,16.88,8.15,1.113,2.108,0.14,48.68284,0.43412,3,11
2026-09-12T10:21:44.90Z,47.9018414,2.1586851,1536.377,14.78,17.03,8.25,1.106,2.095,0.15,49.03723,0.43710,3,11
2026-09-12T10:21:45.00Z,47.9018546,2.1587079,1535.536,14.68,17.14,8.25,1.098,2.080,0.15,49.42069,0.43753,3,11
2026-09-12T10:21:45.10Z,47.9018677,2.1587309,1534.697,14.51,17.33,8.25,1.090,2.067,0.15,50.05626,0.43817,3,11
2026-09-12T10:21:45.20Z,47.9018807,2.1587540,1533.844,14.38,17.36,8.29,1.083,2.053,0.15,50.35374,0.44002,3,11
2026-09-12T10:21:45.30Z,47.9018936,2.1587772,1532.997,14.28,17.52,8.23,1.076,2.039,0.15,50.82570,0.44333,3,11
2026-09-12T10:21:45.40Z,47.9019063,2.1588007,1532.149,14.16,17.75,8.28,1.069,2.026,0.14,51.41648,0.42563,3,11
2026-09-12T10:21:45.50Z,47.9019190,2.1588244,1531.293,14.14,17.90,8.24,1.062,2.014,0.14,51.69700,0.43438,3,11
2026-09-12T10:21:45.60Z,47.9019317,2.1588483,1530.469,13.98,17.90,8.25,1.055,2.002,0.15,52.00668,0.42743,3,11
2026-09-12T10:21:45.70Z,47.9019442,2.1588722,1529.622,13.93,18.08,8.25,1.049,1.991,0.14,52.38823,0.43552,3,11
2026-09-12T10:21:45.80Z,47.9019567,2.1588964,1528.777,13.77,18.21,8.17,1.043,1.980,0.14,52.89791,0.43648,3,11
2026-09-12T10:21:45.90Z,47.9019691,2.1589207,1527.954,13.73,18.26,8.24,1.037,1.970,0.14,53.06511,0.43665,3,11
2026-09-12T10:21:46.00Z,47.9019815,2.1589451,1527.122,13.84,18.30,8.22,1.032,1.960,0.14,52.89044,0.43435,3,11
2026-09-12T10:21:46.10Z,47.9019940,2.1589695,1526.277,13.91,18.29,8.18,1.026,1.949,0.13,52.76211,0.40657,3,11
2026-09-12T10:21:46.20Z,47.9020065,2.1589939,1525.440,13.92,18.22,8.15,1.020,1.937,0.13,52.61888,0.40715,3,11
2026-09-12T10:21:46.30Z,47.9020191,2.1590182,1524.620,13.92,18.16,8.09,1.014,1.927,0.13,52.53074,0.40796,3,11
2026-09-12T10:21:46.40Z,47.9020316,2.1590424,1523.796,13.95,18.18,8.16,1.009,1.917,0.13,52.49755,0.40721,3,11
2026-09-12T10:21:46.50Z,47.9020443,2.1590667,1522.980,14.06,18.19,8.16,1.003,1.907,0.13,52.29352,0.40551,3,11
2026-09-12T10:21:46.60Z,47.9020570,2.1590910,1522.161,14.09,18.17,8.08,0.998,1.897,0.13,52.20398,0.40530,3,11
2026-09-12T10:21:46.70Z,47.9020697,2.1591153,1521.338,14.16,18.16,8.14,0.993,1.888,0.13,52.05959,0.40444,3,11
2026-09-12T10:21:46.80Z,47.9020824,2.1591395,1520.519,14.16,18.07,8.08,0.988,1.878,0.13,51.92564,0.40539,3,11
2026-09-12T10:21:46.90Z,47.9020952,2.1591636,1519.700,14.20,18.02,8.07,0.983,1.868,0.13,51.76978,0.40537,3,11
2026-09-12T10:21:47.00Z,47.9021080,2.1591876,1518.889,14.27,18.01,7.97,0.978,1.859,0.13,51.60017,0.40451,3,11
2026-09-12T10:21:47.10Z,47.9021209,2.1592116,1518.090,14.33,17.86,7.94,0.973,1.850,0.13,51.25609,0.40530,3,11
2026-09-12T10:21:47.20Z,47.9021338,2.1592354,1517.289,14.53,17.75,7.96,0.968,1.841,0.13,50.69218,0.40346,3,11
2026-09-12T10:21:47.30Z,47.9021470,2.1592590,1516.496,14.56,17.68,7.80,0.964,1.833,0.12,50.53042,0.40261,3,11
2026-09-12T10:21:47.40Z,47.9021601,2.1592826,1515.713,14.51,17.64,7.78,0.960,1.825,0.12,50.55291,0.40373,3,11
2026-09-12T10:21:47.50Z,47.9021732,2.1593062,1514.938,14.64,17.58,7.94,0.955,1.818,0.13,50.20717,0.40256,3,11
2026-09-12T10:21:47.60Z,47.9021866,2.1593296,1514.149,14.84,17.46,7.74,0.951,1.810,0.13,49.62422,0.40083,3,11
2026-09-12T10:21:47.70Z,47.9021999,2.1593529,1513.379,14.75,17.39,7.71,0.948,1.804,0.13,49.69816,0.40298,3,11
2026-09-12T10:21:47.80Z,47.9022132,2.1593761,1512.634,14.68,17.25,7.77,0.944,1.798,0.13,49.60292,0.40540,3,11
2026-09-12T10:21:47.90Z,47.9022266,2.1593991,1511.869,14.82,17.15,7.65,0.940,1.791,0.13,49.17440,0.40429,3,11
2026-09-12T10:21:48.00Z,47.9022400,2.1594220,1511.116,14.87,17.09,7.80,0.937,1.785,0.13,48.96410,0.40415,3,11
2026-09-12T10:21:48.10Z,47.9022535,2.1594449,1510.364,14.98,17.06,7.80,0.934,1.779,0.13,48.70450,0.40380,3,11
2026-09-12T10:21:48.20Z,47.9022671,2.1594677,1509.600,14.99,16.99,7.63,0.930,1.774,0.13,48.57281,0.40438,3,11
2026-09-12T10:21:48.30Z,47.9022806,2.1594904,1508.846,14.98,16.99,7.67,0.927,1.768,0.13,48.58456,0.40456,3,11
2026-09-12T10:21:48.40Z,47.9022943,2.1595131,1508.088,15.10,16.86,7.63,0.924,1.762,0.13,48.13826,0.40394,3,11
2026-09-12T10:21:48.50Z,47.9023079,2.1595356,1507.334,15.16,16.85,7.59,0.920,1.756,0.13,48.02524,0.40320,3,11
2026-09-12T10:21:48.60Z,47.9023216,2.1595581,1506.556,15.25,16.90,7.66,0.917,1.750,0.13,47.93031,0.40122,3,11
2026-09-12T10:21:48.70Z,47.9023354,2.1595806,1505.781,15.34,16.80,7.69,0.913,1.743,0.13,47.60106,0.40091,3,11
2026-09-12T10:21:48.80Z,47.9023492,2.1596031,1505.001,15.32,16.88,7.64,0.909,1.736,0.13,47.76946,0.40034,3,11
2026-09-12T10:21:48.90Z,47.9023629,2.1596256,1504.219,15.10,16.86,7.63,0.905,1.729,0.13,48.15412,0.40401,3,11
2026-09-12T10:21:49.00Z,47.9023765,2.1596479,1503.446,15.10,16.70,7.65,0.902,1.722,0.13,47.87481,0.40564,3,11
2026-09-12T10:21:49.10Z,47.9023901,2.1596701,1502.670,15.25,16.59,7.64,0.898,1.715,0.14,47.40692,0.40529,3,11
2026-09-12T10:21:49.20Z,47.9024039,2.1596923,1501.890,15.33,16.70,7.75,0.895,1.709,0.14,47.44454,0.40294,3,11
2026-09-12T10:21:49.30Z,47.9024177,2.1597146,1501.110,15.35,16.65,7.73,0.891,1.703,0.14,47.33057,0.40307,3,11
2026-09-12T10:21:49.40Z,47.9024315,2.1597368,1500.339,15.33,16.55,7.57,0.888,1.696,0.14,47.18052,0.40427,3,11
2026-09-12T10:21:49.50Z,47.9024453,2.1597588,1499.568,15.39,16.53,7.66,0.884,1.690,0.14,47.03369,0.40356,3,11
2026-09-12T10:21:49.60Z,47.9024592,2.1597808,1498.801,15.43,16.39,7.62,0.881,1.684,0.14,46.72495,0.40430,3,11
2026-09-12T10:21:49.70Z,47.9024731,2.1598027,1498.027,15.44,16.42,7.59,0.878,1.678,0.14,46.76430,0.40374,3,11
2026-09-12T10:21:49.80Z,47.9024870,2.1598245,1497.252,15.54,16.30,7.66,0.874,1.672,0.14,46.35474,0.40399,3,11
2026-09-12T10:21:49.90Z,47.9025010,2.1598462,1496.473,15.71,16.22,7.77,0.871,1.666,0.15,45.92682,0.40197,3,11
2026-09-12T10:21:50.00Z,47.9025153,2.1598678,1495.687,15.87,16.20,7.67,0.868,1.660,0.15,45.59606,0.39942,3,11
2026-09-12T10:21:50.10Z,47.9025296,2.1598894,1494.913,15.90,16.12,7.64,0.864,1.655,0.15,45.39941,0.39962,3,11
2026-09-12T10:21:50.20Z,47.9025439,2.1599108,1494.135,15.92,16.05,7.65,0.861,1.649,0.15,45.22180,0.39995,3,11
2026-09-12T10:21:50.30Z,47.9025582,2.1599322,1493.355,16.00,15.94,7.67,0.858,1.644,0.15,44.89240,0.39961,3,11
2026-09-12T10:21:50.40Z,47.9025726,2.1599533,1492.573,16.06,15.78,7.77,0.855,1.639,0.15,44.49874,0.39981,3,11
2026-09-12T10:21:50.50Z,47.9025871,2.1599743,1491.791,16.18,15.57,7.73,0.852,1.634,0.15,43.89372,0.39953,3,11
2026-09-12T10:21:50.60Z,47.9026018,2.1599949,1491.003,16.29,15.40,7.71,0.849,1.629,0.15,43.38931,0.39909,3,11
2026-09-12T10:21:50.70Z,47.9026165,2.1600154,1490.221,16.44,15.27,7.87,0.847,1.624,0.15,42.87510,0.39745,3,11
2026-09-12T10:21:50.80Z,47.9026313,2.1600357,1489.431,16.47,15.06,7.88,0.844,1.620,0.15,42.44165,0.39858,3,11
2026-09-12T10:21:50.90Z,47.9026462,2.1600557,1488.633,16.65,14.92,7.82,0.841,1.614,0.15,41.86749,0.39639,3,11
2026-09-12T10:21:51.00Z,47.9026612,2.1600755,1487.839,16.72,14.79,7.86,0.838,1.609,0.15,41.49773,0.39614,3,11
2026-09-12T10:21:51.10Z,47.9026763,2.1600951,1487.045,16.90,14.59,7.92,0.835,1.605,0.15,40.79648,0.39431,3,11
2026-09-12T10:21:51.20Z,47.9026916,2.1601144,1486.245,17.01,14.36,7.99,0.833,1.600,0.15,40.17193,0.39394,3,11
2026-09-12T10:21:51.30Z,47.9027070,2.1601335,1485.443,17.25,14.20,8.04,0.830,1.595,0.15,39.47444,0.39082,3,11
2026-09-12T10:21:51.40Z,47.9027225,2.1601523,1484.628,17.32,13.97,7.95,0.827,1.590,0.15,38.89766,0.39095,3,11
2026-09-12T10:21:51.50Z,47.9027381,2.1601709,1483.821,17.41,13.87,7.93,0.825,1.586,0.15,38.55873,0.39003,3,11
2026-09-12T10:21:51.60Z,47.9027538,2.1601892,1483.016,17.53,13.64,8.10,0.822,1.581,0.16,37.89214,0.38931,3,11
2026-09-12T10:21:51.70Z,47.9027696,2.1602073,1482.200,17.61,13.43,8.05,0.819,1.577,0.16,37.33209,0.38912,3,11
2026-09-12T10:21:51.80Z,47.9027855,2.1602252,1481.378,17.67,13.40,7.99,0.817,1.572,0.16,37.16889,0.38813,3,11
2026-09-12T10:21:51.90Z,47.9028014,2.1602430,1480.567,17.69,13.27,8.10,0.814,1.568,0.16,36.88078,0.38869,3,11
2026-09-12T10:21:52.00Z,47.9028174,2.1602605,1479.752,17.83,12.94,8.00,0.812,1.564,0.16,35.97252,0.38787,3,11
2026-09-12T10:21:52.10Z,47.9028334,2.1602778,1478.946,17.88,12.98,7.94,0.809,1.560,0.16,35.98645,0.38680,3,11
2026-09-12T10:21:52.20Z,47.9028496,2.1602950,1478.144,17.95,12.85,8.11,0.807,1.556,0.16,35.58842,0.38622,3,11
2026-09-12T10:21:52.30Z,47.9028658,2.1603120,1477.326,18.11,12.66,8.06,0.805,1.552,0.16,34.95796,0.38430,3,11
2026-09-12T10:21:52.40Z,47.9028821,2.1603289,1476.520,18.22,12.60,8.03,0.803,1.549,0.16,34.65885,0.38255,3,11
2026-09-12T10:21:52.50Z,47.9028985,2.1603456,1475.707,18.29,12.47,8.03,0.800,1.544,0.16,34.28262,0.38174,3,11
2026-09-12T10:21:52.60Z,47.9029150,2.1603622,1474.898,18.39,12.31,8.09,0.798,1.540,0.16,33.79243,0.38075,3,11
2026-09-12T10:21:52.70Z,47.9029316,2.1603785,1474.083,18.42,12.12,8.13,0.795,1.536,0.16,33.34821,0.38096,3,11
2026-09-12T10:21:52.80Z,47.9029482,2.1603946,1473.268,18.58,12.01,7.94,0.793,1.532,0.16,32.88131,0.37843,3,11
2026-09-12T10:21:52.90Z,47.9029649,2.1604107,1472.473,18.61,12.11,7.92,0.791,1.529,0.16,33.06004,0.37744,3,11
2026-09-12T10:21:53.00Z,47.9029817,2.1604269,1471.662,18.57,12.11,7.97,0.789,1.525,0.16,33.10898,0.37826,3,11
2026-09-12T10:21:53.10Z,47.9029984,2.1604430,1470.855,18.60,12.06,7.98,0.786,1.521,0.16,32.96457,0.37796,3,11
2026-09-12T10:21:53.20Z,47.9030151,2.1604590,1470.052,18.67,11.87,8.04,0.784,1.518,0.16,32.44138,0.37739,3,11
2026-09-12T10:21:53.30Z,47.9030319,2.1604747,1469.241,18.62,11.77,7.95,0.782,1.514,0.16,32.29785,0.37863,3,11
2026-09-12T10:21:53.40Z,47.9030487,2.1604905,1468.435,18.81,11.81,7.87,0.780,1.511,0.16,32.11103,0.37495,3,11
2026-09-12T10:21:53.50Z,47.9030656,2.1605064,1467.638,18.82,12.05,8.07,0.778,1.508,0.16,32.63660,0.37407,3,11
2026-09-12T10:21:53.60Z,47.9030826,2.1605224,1466.832,18.83,11.93,7.97,0.776,1.504,0.16,32.35163,0.37411,3,11
2026-09-12T10:21:53.70Z,47.9030995,2.1605382,1466.031,18.76,11.84,7.90,0.774,1.501,0.16,32.25193,0.37567,3,11
2026-09-12T10:21:53.80Z,47.9031163,2.1605541,1465.230,18.64,11.93,7.90,0.772,1.497,0.16,32.61444,0.37742,3,11
2026-09-12T10:21:53.90Z,47.9031331,2.1605700,1464.424,18.68,11.94,7.92,0.770,1.493,0.16,32.58190,0.37681,3,11
2026-09-12T10:21:54.00Z,47.9031499,2.1605860,1463.617,18.68,11.99,7.92,0.768,1.490,0.16,32.68505,0.37651,3,11
2026-09-12T10:21:54.10Z,47.9031667,2.1606020,1462.820,18.66,12.03,7.90,0.765,1.485,0.14,32.79523,0.36587,3,12
2026-09-12T10:21:54.20Z,47.9031835,2.1606182,1462.020,18.52,12.18,7.84,0.762,1.481,0.13,33.33346,0.36745,3,12
2026-09-12T10:21:54.30Z,47.9032001,2.1606344,1461.224,18.41,12.18,7.93,0.759,1.476,0.13,33.49219,0.36937,3,12
2026-09-12T10:21:54.40Z,47.9032168,2.1606508,1460.439,18.48,12.19,7.92,0.756,1.472,0.13,33.41906,0.36806,3,12
2026-09-12T10:21:54.50Z,47.9032335,2.1606671,1459.639,18.41,12.27,7.84,0.753,1.468,0.13,33.68041,0.36882,3,12
2026-09-12T10:21:54.60Z,47.9032501,2.1606836,1458.846,18.48,12.42,7.90,0.750,1.464,0.13,33.92112,0.36695,3,12
2026-09-12T10:21:54.70Z,47.9032667,2.1607003,1458.049,18.33,12.58,7.96,0.748,1.460,0.13,34.45955,0.36847,3,12
2026-09-12T10:21:54.80Z,47.9032833,2.1607172,1457.253,18.37,12.60,8.08,0.745,1.456,0.13,34.43488,0.36770,3,12
2026-09-12T10:21:54.90Z,47.9032998,2.1607340,1456.449,18.29,12.60,7.93,0.742,1.452,0.13,34.57097,0.38078,3,12
2026-09-12T10:21:55.00Z,47.9033163,2.1607508,1455.660,18.09,12.53,7.79,0.740,1.449,0.13,34.71008,0.38447,3,12
2026-09-12T10:21:55.10Z,47.9033326,2.1607677,1454.878,18.14,12.76,7.79,0.738,1.446,0.16,35.11338,0.44958,3,12
2026-09-12T10:21:55.20Z,47.9033489,2.1607848,1454.087,18.14,12.90,7.91,0.736,1.442,0.16,35.43366,0.44902,3,12
2026-09-12T10:21:55.30Z,47.9033652,2.1608020,1453.288,18.14,12.89,7.82,0.734,1.439,0.17,35.38717,0.45321,3,12
2026-09-12T10:21:55.40Z,47.9033814,2.1608192,1452.498,18.01,13.00,7.82,0.732,1.436,0.17,35.83120,0.45530,3,12
2026-09-12T10:21:55.50Z,47.9033975,2.1608366,1451.690,17.93,13.09,7.85,0.730,1.432,0.17,36.13355,0.45631,3,12
2026-09-12T10:21:55.60Z,47.9034136,2.1608540,1450.896,17.93,13.01,7.90,0.728,1.429,0.17,35.96332,0.47181,3,12
2026-09-12T10:21:55.70Z,47.9034296,2.1608713,1450.089,17.83,12.97,7.84,0.727,1.425,0.17,36.04119,0.48470,3,12
2026-09-12T10:21:55.80Z,47.9034457,2.1608886,1449.300,18.04,12.92,7.94,0.725,1.422,0.17,35.60674,0.48369,3,12
2026-09-12T10:21:55.90Z,47.9034620,2.1609058,1448.499,18.12,12.87,7.98,0.723,1.419,0.17,35.38656,0.48116,3,12
2026-09-12T10:21:56.00Z,47.9034782,2.1609230,1447.699,18.01,12.95,7.90,0.721,1.416,0.15,35.72471,0.44007,3,12
2026-09-12T10:21:56.10Z,47.9034944,2.1609402,1446.913,17.90,12.75,7.80,0.719,1.413,0.15,35.46980,0.44366,3,12
2026-09-12T10:21:56.20Z,47.9035106,2.1609572,1446.117,18.00,12.74,7.82,0.717,1.410,0.15,35.30224,0.44171,3,12
2026-09-12T10:21:56.30Z,47.9035269,2.1609743,1445.337,18.16,12.77,7.86,0.715,1.407,0.15,35.11555,0.43828,3,12
2026-09-12T10:21:56.40Z,47.9035433,2.1609912,1444.544,18.27,12.55,8.02,0.713,1.404,0.15,34.49740,0.42801,3,12
2026-09-12T10:21:56.50Z,47.9035598,2.1610080,1443.746,18.33,12.56,7.91,0.711,1.401,0.15,34.42254,0.42663,3,12
2026-09-12T10:21:56.60Z,47.9035763,2.1610248,1442.952,18.29,12.53,7.93,0.709,1.398,0.15,34.41919,0.42768,3,12
2026-09-12T10:21:56.70Z,47.9035927,2.1610414,1442.150,18.29,12.42,7.93,0.708,1.395,0.15,34.19252,0.42830,3,12
2026-09-12T10:21:56.80Z,47.9036092,2.1610579,1441.345,18.26,12.26,7.95,0.706,1.392,0.15,33.88257,0.42847,3,12
2026-09-12T10:21:56.90Z,47.9036257,2.1610742,1440.557,18.32,12.10,7.87,0.704,1.389,0.15,33.43386,0.42817,3,12
2026-09-12T10:21:57.00Z,47.9036422,2.1610902,1439.764,18.36,11.93,7.83,0.702,1.387,0.14,33.00693,0.42782,3,12
2026-09-12T10:21:57.10Z,47.9036589,2.1611061,1438.958,18.71,11.86,7.98,0.700,1.384,0.15,32.37932,0.41066,3,12
2026-09-12T10:21:57.20Z,47.9036757,2.1611218,1438.168,18.56,11.66,8.02,0.698,1.381,0.15,32.12184,0.39375,3,12
2026-09-12T10:21:57.30Z,47.9036925,2.1611373,1437.360,18.65,11.51,7.89,0.696,1.378,0.15,31.68170,0.37104,3,12
2026-09-12T10:21:57.40Z,47.9037093,2.1611527,1436.567,18.68,11.52,7.86,0.694,1.375,0.15,31.65070,0.37040,3,12
2026-09-12T10:21:57.50Z,47.9037262,2.1611680,1435.767,18.72,11.42,7.96,0.692,1.372,0.14,31.39427,0.37006,3,12
2026-09-12T10:21:57.60Z,47.9037431,2.1611831,1434.948,18.77,11.25,7.93,0.690,1.369,0.14,30.92394,0.36991,3,12
2026-09-12T10:21:57.70Z,47.9037600,2.1611982,1434.143,18.79,11.29,7.92,0.687,1.365,0.14,30.99075,0.36939,3,12
2026-09-12T10:21:57.80Z,47.9037769,2.1612132,1433.331,18.91,11.20,7.97,0.685,1.362,0.14,30.63439,0.36785,3,12
2026-09-12T10:21:57.90Z,47.9037940,2.1612280,1432.524,19.01,10.94,7.92,0.683,1.358,0.14,29.91734,0.36721,3,12
2026-09-12T10:21:58.00Z,47.9038111,2.1612426,1431.709,18.94,11.02,7.90,0.681,1.355,0.14,30.20342,0.36557,3,12
2026-09-12T10:21:58.10Z,47.9038281,2.1612572,1430.905,18.94,10.91,7.88,0.679,1.351,0.14,29.95169,0.36594,3,12
2026-09-12T10:21:58.20Z,47.9038451,2.1612718,1430.092,18.93,10.85,7.92,0.677,1.348,0.14,29.82925,0.36633,3,12
2026-09-12T10:21:58.30Z,47.9038621,2.1612863,1429.278,18.79,11.03,7.95,0.675,1.344,0.14,30.39911,0.37979,3,12
2026-09-12T10:21:58.40Z,47.9038791,2.1613010,1428.476,18.88,10.98,7.91,0.673,1.341,0.13,30.17764,0.38952,3,12
2026-09-12T10:21:58.50Z,47.9038961,2.1613156,1427.645,18.93,10.95,7.89,0.671,1.338,0.13,30.04172,0.39874,3,12
2026-09-12T10:21:58.60Z,47.9039131,2.1613302,1426.845,18.82,10.99,7.93,0.669,1.335,0.13,30.26753,0.40074,3,12
2026-09-12T10:21:58.70Z,47.9039300,2.1613449,1426.033,18.83,11.03,7.92,0.667,1.331,0.14,30.36890,0.40079,3,12
2026-09-12T10:21:58.80Z,47.9039468,2.1613597,1425.211,18.66,11.20,7.87,0.666,1.328,0.14,30.97561,0.40309,3,12
2026-09-12T10:21:58.90Z,47.9039637,2.1613747,1424.403,18.72,11.24,8.07,0.664,1.325,0.14,30.98764,0.42454,3,12
2026-09-12T10:21:59.00Z,47.9039804,2.1613896,1423.596,18.63,11.19,7.93,0.662,1.321,0.14,30.99646,0.43002,3,12
2026-09-12T10:21:59.10Z,47.9039971,2.1614046,1422.780,18.60,11.38,7.85,0.661,1.318,0.14,31.45332,0.42948,3,12
2026-09-12T10:21:59.20Z,47.9040138,2.1614198,1421.960,18.61,11.48,7.92,0.659,1.315,0.14,31.66953,0.46376,3,12
2026-09-12T10:21:59.30Z,47.9040305,2.1614352,1421.152,18.56,11.61,8.01,0.658,1.312,0.14,32.02714,0.46426,3,12
2026-09-12T10:21:59.40Z,47.9040471,2.1614508,1420.341,18.39,11.81,7.92,0.656,1.309,0.14,32.72432,0.46627,3,12
2026-09-12T10:21:59.50Z,47.9040635,2.1614667,1419.528,18.21,12.03,8.00,0.655,1.306,0.14,33.44997,0.48266,3,12
2026-09-12T10:21:59.60Z,47.9040798,2.1614828,1418.714,18.14,12.21,8.10,0.653,1.303,0.14,33.94451,0.47485,3,12
2026-09-12T10:21:59.70Z,47.9040961,2.1614992,1417.892,18.05,12.37,8.05,0.652,1.301,0.14,34.41749,0.48337,3,12
2026-09-12T10:21:59.80Z,47.9041123,2.1615158,1417.067,18.05,12.50,8.10,0.651,1.298,0.14,34.70906,0.48241,3,12
2026-09-12T10:21:59.90Z,47.9041284,2.1615325,1416.249,17.83,12.62,8.09,0.650,1.296,0.14,35.29586,0.49825,3,12
2026-09-12T10:22:00.00Z,47.9041444,2.1615494,1415.412,17.77,12.74,8.17,0.649,1.293,0.14,35.64142,0.55994,3,12
2026-09-12T10:22:00.10Z,47.9041607,2.1615670,1414.708,17.65,13.00,8.15,0.645,1.283,0.12,36.38496,0.52436,3,15
2026-09-12T10:22:00.20Z,47.9041769,2.1615848,1414.000,17.49,13.12,8.16,0.641,1.274,0.12,36.86694,0.52863,3,15
2026-09-12T10:22:00.30Z,47.9041931,2.1616027,1413.267,17.62,13.34,8.27,0.638,1.265,0.12,37.12972,0.52593,3,15
2026-09-12T10:22:00.40Z,47.9042092,2.1616210,1412.543,17.43,13.50,8.22,0.635,1.257,0.12,37.75510,0.52765,3,15
2026-09-12T10:22:00.50Z,47.9042252,2.1616394,1411.795,17.37,13.69,8.24,0.631,1.248,0.12,38.24357,0.53804,3,15
2026-09-12T10:22:00.60Z,47.9042410,2.1616581,1411.053,17.10,13.90,8.28,0.628,1.240,0.12,39.10008,0.54111,3,15
2026-09-12T10:22:00.70Z,47.9042567,2.1616770,1410.301,17.03,14.00,8.33,0.625,1.232,0.12,39.41132,0.54130,3,15
2026-09-12T10:22:00.80Z,47.9042723,2.1616960,1409.543,16.94,14.09,8.32,0.622,1.224,0.12,39.75978,0.54184,3,15
2026-09-12T10:22:00.90Z,47.9042877,2.1617152,1408.793,16.73,14.27,8.30,0.620,1.217,0.12,40.46748,0.54362,3,15
2026-09-12T10:22:01.00Z,47.9043030,2.1617346,1408.038,16.60,14.33,8.30,0.617,1.210,0.12,40.80345,0.53558,3,15
2026-09-12T10:22:01.10Z,47.9043183,2.1617541,1407.286,16.55,14.40,8.26,0.615,1.203,0.12,41.04159,0.52747,3,15
2026-09-12T10:22:01.20Z,47.9043335,2.1617736,1406.529,16.54,14.56,8.23,0.612,1.197,0.12,41.34240,0.52526,3,15
2026-09-12T10:22:01.30Z,47.9043486,2.1617935,1405.772,16.43,14.75,8.35,0.610,1.191,0.12,41.92444,0.49116,3,15
2026-09-12T10:22:01.40Z,47.9043636,2.1618136,1405.002,16.34,15.00,8.36,0.607,1.184,0.12,42.55574,0.47641,3,15
2026-09-12T10:22:01.50Z,47.9043785,2.1618339,1404.226,16.24,15.18,8.37,0.605,1.178,0.12,43.07420,0.44944,3,15
2026-09-12T10:22:01.60Z,47.9043934,2.1618545,1403.450,16.16,15.36,8.38,0.602,1.172,0.12,43.54292,0.46118,3,15
2026-09-12T10:22:01.70Z,47.9044081,2.1618754,1402.676,15.95,15.55,8.45,0.600,1.166,0.12,44.26980,0.46258,3,15
2026-09-12T10:22:01.80Z,47.9044226,2.1618965,1401.886,15.89,15.65,8.44,0.598,1.161,0.12,44.56761,0.49069,3,15
2026-09-12T10:22:01.90Z,47.9044371,2.1619177,1401.104,15.80,15.80,8.30,0.596,1.156,0.12,44.99863,0.49027,3,15
2026-09-12T10:22:02.00Z,47.9044515,2.1619390,1400.322,15.71,15.92,8.37,0.594,1.151,0.12,45.37521,0.51657,3,15
2026-09-12T10:22:02.10Z,47.9044658,2.1619605,1399.542,15.65,15.98,8.25,0.592,1.146,0.12,45.59872,0.52779,3,15
2026-09-12T10:22:02.20Z,47.9044801,2.1619821,1398.760,15.51,16.05,8.21,0.591,1.141,0.12,45.99331,0.53878,3,15
2026-09-12T10:22:02.30Z,47.9044942,2.1620038,1397.995,15.51,16.04,8.19,0.589,1.136,0.13,45.97644,0.53944,3,15
2026-09-12T10:22:02.40Z,47.9045083,2.1620254,1397.215,15.40,16.18,8.24,0.588,1.131,0.13,46.40897,0.51634,3,15
2026-09-12T10:22:02.50Z,47.9045223,2.1620473,1396.437,15.31,16.24,8.27,0.586,1.126,0.13,46.67677,0.50451,3,15
2026-09-12T10:22:02.60Z,47.9045363,2.1620692,1395.664,15.42,16.23,8.17,0.584,1.122,0.13,46.45993,0.48036,3,15
2026-09-12T10:22:02.70Z,47.9045504,2.1620910,1394.891,15.50,16.17,8.14,0.582,1.117,0.13,46.21431,0.45387,3,15
2026-09-12T10:22:02.80Z,47.9045645,2.1621128,1394.117,15.44,16.23,8.14,0.581,1.113,0.13,46.42593,0.44591,3,15
2026-09-12T10:22:02.90Z,47.9045786,2.1621347,1393.347,15.39,16.32,8.12,0.579,1.108,0.12,46.67129,0.44544,3,15
2026-09-12T10:22:03.00Z,47.9045926,2.1621566,1392.574,15.45,16.22,8.12,0.577,1.104,0.12,46.39130,0.43924,3,15
2026-09-12T10:22:03.10Z,47.9046067,2.1621784,1391.804,15.39,16.29,8.06,0.575,1.099,0.12,46.63001,0.40681,3,15
2026-09-12T10:22:03.20Z,47.9046207,2.1622003,1391.026,15.40,16.20,8.08,0.573,1.095,0.12,46.44968,0.41400,3,15
2026-09-12T10:22:03.30Z,47.9046347,2.1622220,1390.260,15.54,16.12,8.03,0.571,1.091,0.12,46.05231,0.40664,3,15
2026-09-12T10:22:03.40Z,47.9046489,2.1622437,1389.485,15.65,16.05,8.12,0.569,1.087,0.12,45.72394,0.40571,3,15
2026-09-12T10:22:03.50Z,47.9046631,2.1622652,1388.709,15.64,15.94,8.00,0.568,1.083,0.12,45.54578,0.40683,3,15
2026-09-12T10:22:03.60Z,47.9046774,2.1622866,1387.940,15.69,15.82,8.04,0.566,1.079,0.12,45.23472,0.40143,3,15
2026-09-12T10:22:03.70Z,47.9046917,2.1623078,1387.174,15.83,15.71,7.93,0.564,1.075,0.12,44.79309,0.39113,3,15
2026-09-12T10:22:03.80Z,47.9047061,2.1623289,1386.402,15.88,15.74,7.98,0.562,1.071,0.12,44.74058,0.39015,3,15
2026-09-12T10:22:03.90Z,47.9047205,2.1623500,1385.628,15.92,15.65,7.95,0.561,1.067,0.12,44.50485,0.38793,3,15
2026-09-12T10:22:04.00Z,47.9047350,2.1623710,1384.844,16.04,15.67,7.99,0.559,1.064,0.12,44.32532,0.38591,3,15
2026-09-12T10:22:04.10Z,47.9047496,2.1623921,1384.073,16.07,15.58,8.04,0.557,1.060,0.12,44.12166,0.38629,3,15
2026-09-12T10:22:04.20Z,47.9047642,2.1624128,1383.293,16.07,15.40,7.90,0.556,1.056,0.13,43.77902,0.39725,3,15
2026-09-12T10:22:04.30Z,47.9047788,2.1624335,1382.526,16.25,15.27,7.91,0.554,1.053,0.13,43.23591,0.39830,3,15
2026-09-12T10:22:04.40Z,47.9047937,2.1624539,1381.756,16.40,15.21,8.03,0.552,1.049,0.13,42.84682,0.39631,3,15
2026-09-12T10:22:04.50Z,47.9048085,2.1624744,1380.982,16.37,15.17,7.95,0.551,1.046,0.13,42.83405,0.39424,3,15
2026-09-12T10:22:04.60Z,47.9048233,2.1624947,1380.207,16.32,15.10,7.91,0.549,1.043,0.12,42.77936,0.39701,3,15
2026-09-12T10:22:04.70Z,47.9048381,2.1625149,1379.440,16.21,15.02,7.89,0.548,1.040,0.13,42.82278,0.40116,3,15
2026-09-12T10:22:04.80Z,47.9048528,2.1625351,1378.683,16.30,14.96,7.91,0.547,1.036,0.13,42.55396,0.40010,3,15
2026-09-12T10:22:04.90Z,47.9048677,2.1625552,1377.907,16.43,14.95,8.02,0.545,1.033,0.13,42.30464,0.39798,3,15
2026-09-12T10:22:05.00Z,47.9048826,2.1625752,1377.137,16.41,14.86,7.95,0.544,1.030,0.13,42.16696,0.39903,3,15
2026-09-12T10:22:05.10Z,47.9048975,2.1625951,1376.373,16.44,14.68,7.92,0.542,1.027,0.13,41.76408,0.40001,3,15
2026-09-12T10:22:05.20Z,47.9049124,2.1626149,1375.603,16.59,14.80,7.86,0.541,1.024,0.13,41.72707,0.41164,3,15
2026-09-12T10:22:05.30Z,47.9049274,2.1626347,1374.831,16.62,14.78,7.80,0.540,1.022,0.13,41.64663,0.41142,3,15
2026-09-12T10:22:05.40Z,47.9049424,2.1626545,1374.059,16.45,14.80,7.80,0.539,1.019,0.13,41.98219,0.41409,3,15
2026-09-12T10:22:05.50Z,47.9049572,2.1626745,1373.295,16.26,14.98,7.80,0.537,1.016,0.13,42.64468,0.41574,3,15
2026-09-12T10:22:05.60Z,47.9049719,2.1626947,1372.523,16.20,15.11,7.96,0.536,1.013,0.12,42.99731,0.42260,3,15
2026-09-12T10:22:05.70Z,47.9049866,2.1627150,1371.756,16.14,15.08,8.03,0.535,1.011,0.12,43.05672,0.42783,3,15
2026-09-12T10:22:05.80Z,47.9050011,2.1627352,1370.979,16.02,15.10,7.89,0.534,1.008,0.13,43.31275,0.46038,3,15
2026-09-12T10:22:05.90Z,47.9050156,2.1627555,1370.217,15.97,15.13,7.92,0.533,1.005,0.13,43.45174,0.48152,3,15
2026-09-12T10:22:06.00Z,47.9050301,2.1627759,1369.443,15.98,15.19,7.81,0.532,1.002,0.13,43.56419,0.48049,3,15
2026-09-12T10:22:06.10Z,47.9050445,2.1627963,1368.678,15.89,15.24,7.82,0.531,0.999,0.13,43.78769,0.48144,3,15
2026-09-12T10:22:06.20Z,47.9050589,2.1628169,1367.908,15.76,15.43,7.92,0.530,0.997,0.11,44.39465,0.48694,3,15
2026-09-12T10:22:06.30Z,47.9050731,2.1628377,1367.133,15.60,15.61,7.93,0.529,0.994,0.11,45.02348,0.48719,3,15
2026-09-12T10:22:06.40Z,47.9050871,2.1628587,1366.354,15.45,15.73,7.98,0.528,0.991,0.11,45.51573,0.48785,3,15
2026-09-12T10:22:06.50Z,47.9051012,2.1628798,1365.578,15.51,15.66,8.09,0.527,0.989,0.11,45.28233,0.49697,3,15
2026-09-12T10:22:06.60Z,47.9051152,2.1629009,1364.791,15.44,15.77,7.91,0.526,0.986,0.12,45.60678,0.51382,3,15
2026-09-12T10:22:06.70Z,47.9051291,2.1629221,1364.012,15.34,15.89,7.99,0.526,0.984,0.12,46.00675,0.51392,3,15
2026-09-12T10:22:06.80Z,47.9051430,2.1629433,1363.223,15.45,15.87,7.97,0.525,0.981,0.12,45.77902,0.52417,3,15
2026-09-12T10:22:06.90Z,47.9051569,2.1629646,1362.436,15.35,15.90,8.01,0.524,0.979,0.12,46.00231,0.52235,3,15
2026-09-12T10:22:07.00Z,47.9051708,2.1629859,1361.650,15.26,15.87,8.01,0.524,0.976,0.12,46.12106,0.52465,3,15
2026-09-12T10:22:07.10Z,47.9051845,2.1630072,1360.861,15.20,15.86,7.97,0.523,0.973,0.12,46.21064,0.52592,3,15
2026-09-12T10:22:07.20Z,47.9051982,2.1630283,1360.074,15.12,15.75,8.01,0.523,0.971,0.13,46.15542,0.52487,3,15
2026-09-12T10:22:07.30Z,47.9052120,2.1630494,1359.285,15.27,15.73,7.99,0.522,0.969,0.13,45.86604,0.48102,3,15
2026-09-12T10:22:07.40Z,47.9052257,2.1630706,1358.498,15.10,15.88,7.91,0.521,0.967,0.13,46.44528,0.47011,3,15
2026-09-12T10:22:07.50Z,47.9052393,2.1630919,1357.709,15.00,15.88,8.06,0.520,0.964,0.12,46.63201,0.42182,3,15
2026-09-12T10:22:07.60Z,47.9052529,2.1631131,1356.913,15.14,15.81,8.12,0.519,0.962,0.12,46.24463,0.42019,3,15
2026-09-12T10:22:07.70Z,47.9052666,2.1631343,1356.120,15.17,15.76,8.04,0.518,0.959,0.12,46.09445,0.42026,3,15
2026-09-12T10:22:07.80Z,47.9052803,2.1631554,1355.334,15.19,15.76,8.04,0.517,0.957,0.13,46.05066,0.41875,3,15
2026-09-12T10:22:07.90Z,47.9052940,2.1631765,1354.540,15.30,15.77,8.14,0.516,0.955,0.13,45.87062,0.39491,3,15
2026-09-12T10:22:08.00Z,47.9053079,2.1631977,1353.743,15.35,15.79,8.10,0.515,0.953,0.13,45.80802,0.39402,3,15
2026-09-12T10:22:08.10Z,47.9053218,2.1632188,1352.949,15.43,15.65,8.00,0.514,0.951,0.13,45.42233,0.39400,3,15
2026-09-12T10:22:08.20Z,47.9053357,2.1632397,1352.153,15.41,15.68,8.00,0.513,0.949,0.13,45.49492,0.39411,3,15
2026-09-12T10:22:08.30Z,47.9053497,2.1632607,1351.358,15.49,15.59,8.17,0.512,0.947,0.13,45.19942,0.39359,3,15
2026-09-12T10:22:08.40Z,47.9053636,2.1632816,1350.555,15.42,15.55,8.07,0.511,0.945,0.13,45.23864,0.39337,3,15
2026-09-12T10:22:08.50Z,47.9053776,2.1633024,1349.764,15.48,15.55,8.18,0.510,0.943,0.13,45.12983,0.39248,3,15
2026-09-12T10:22:08.60Z,47.9053916,2.1633231,1348.950,15.56,15.34,8.20,0.509,0.941,0.13,44.58952,0.40227,3,15
2026-09-12T10:22:08.70Z,47.9054056,2.1633436,1348.143,15.55,15.21,8.08,0.508,0.939,0.13,44.36040,0.40358,3,15
2026-09-12T10:22:08.80Z,47.9054197,2.1633640,1347.338,15.67,15.21,8.19,0.507,0.937,0.13,44.13908,0.40155,3,15
2026-09-12T10:22:08.90Z,47.9054339,2.1633844,1346.522,15.75,15.22,8.15,0.506,0.935,0.13,44.01613,0.40000,3,15
2026-09-12T10:22:09.00Z,47.9054480,2.1634048,1345.703,15.69,15.36,8.18,0.505,0.933,0.13,44.38649,0.39995,3,15
2026-09-12T10:22:09.10Z,47.9054622,2.1634253,1344.890,15.77,15.14,8.35,0.504,0.931,0.14,43.83639,0.40033,3,15
2026-09-12T10:22:09.20Z,47.9054764,2.1634454,1344.073,15.74,14.88,8.12,0.503,0.930,0.14,43.39076,0.40302,3,15
2026-09-12T10:22:09.30Z,47.9054907,2.1634654,1343.269,15.98,14.90,8.08,0.502,0.928,0.14,43.00760,0.39859,3,15
2026-09-12T10:22:09.40Z,47.9055051,2.1634855,1342.458,15.98,15.15,8.24,0.502,0.926,0.14,43.47794,0.39660,3,15
2026-09-12T10:22:09.50Z,47.9055195,2.1635058,1341.634,16.01,15.13,8.25,0.501,0.924,0.14,43.39774,0.39630,3,15
2026-09-12T10:22:09.60Z,47.9055339,2.1635260,1340.813,15.96,15.03,8.16,0.500,0.922,0.14,43.27857,0.39782,3,15
2026-09-12T10:22:09.70Z,47.9055482,2.1635461,1340.000,15.75,15.03,8.16,0.499,0.920,0.14,43.65218,0.40167,3,15
2026-09-12T10:22:09.80Z,47.9055625,2.1635662,1339.191,15.90,14.91,8.19,0.498,0.919,0.14,43.16179,0.39987,3,15
2026-09-12T10:22:09.90Z,47.9055768,2.1635862,1338.364,15.95,15.05,8.13,0.497,0.917,0.14,43.33596,0.39788,3,15
2026-09-12T10:22:10.00Z,47.9055911,2.1636065,1337.554,15.75,15.18,8.31,0.497,0.915,0.14,43.95104,0.41225,3,15
2026-09-12T10:22:10.10Z,47.9056053,2.1636268,1336.722,15.84,15.15,8.34,0.496,0.914,0.14,43.72403,0.41093,3,15
2026-09-12T10:22:10.20Z,47.9056196,2.1636471,1335.899,15.75,15.16,8.19,0.495,0.912,0.14,43.89969,0.41238,3,15
2026-09-12T10:22:10.30Z,47.9056337,2.1636674,1335.088,15.63,15.18,8.15,0.494,0.910,0.14,44.15824,0.42190,3,15
2026-09-12T10:22:10.40Z,47.9056478,2.1636879,1334.267,15.68,15.40,8.27,0.494,0.909,0.13,44.48987,0.42663,3,15
2026-09-12T10:22:10.50Z,47.9056619,2.1637086,1333.444,15.52,15.50,8.25,0.493,0.907,0.13,44.95429,0.42917,3,15
2026-09-12T10:22:10.60Z,47.9056759,2.1637294,1332.640,15.43,15.50,8.21,0.492,0.906,0.13,45.14151,0.43081,3,15
2026-09-12T10:22:10.70Z,47.9056898,2.1637503,1331.816,15.36,15.73,8.25,0.492,0.904,0.12,45.67479,0.40449,3,15
2026-09-12T10:22:10.80Z,47.9057036,2.1637715,1331.007,15.21,15.96,8.36,0.491,0.902,0.12,46.38032,0.43965,3,15
2026-09-12T10:22:10.90Z,47.9057173,2.1637930,1330.183,15.08,16.03,8.28,0.490,0.900,0.12,46.74083,0.43935,3,15
2026-09-12T10:22:11.00Z,47.9057309,2.1638146,1329.365,14.92,16.30,8.42,0.489,0.899,0.12,47.52931,0.43973,3,15
2026-09-12T10:22:11.10Z,47.9057443,2.1638365,1328.546,14.78,16.27,8.36,0.489,0.897,0.12,47.74862,0.46012,3,15
2026-09-12T10:22:11.20Z,47.9057576,2.1638584,1327.723,14.64,16.47,8.35,0.488,0.895,0.12,48.35544,0.46127,3,15
2026-09-12T10:22:11.30Z,47.9057707,2.1638806,1326.899,14.41,16.59,8.35,0.487,0.894,0.12,49.01883,0.51270,3,15
2026-09-12T10:22:11.40Z,47.9057837,2.1639029,1326.079,14.29,16.74,8.46,0.487,0.892,0.13,49.50192,0.52998,3,15
2026-09-12T10:22:11.50Z,47.9057965,2.1639255,1325.263,14.17,16.81,8.40,0.487,0.891,0.13,49.87502,0.53080,3,15
2026-09-12T10:22:11.60Z,47.9058092,2.1639481,1324.437,13.98,16.99,8.29,0.487,0.889,0.13,50.53712,0.53030,3,15
2026-09-12T10:22:11.70Z,47.9058218,2.1639710,1323.624,13.81,17.20,8.42,0.487,0.888,0.13,51.22488,0.52901,3,15
2026-09-12T10:22:11.80Z,47.9058342,2.1639941,1322.806,13.77,17.26,8.37,0.486,0.887,0.13,51.41592,0.52850,3,15
2026-09-12T10:22:11.90Z,47.9058466,2.1640174,1321.983,13.60,17.49,8.33,0.486,0.885,0.13,52.12311,0.53143,3,15
2026-09-12T10:22:12.00Z,47.9058587,2.1640408,1321.159,13.26,17.54,8.27,0.486,0.884,0.13,52.90442,0.54800,3,15
2026-09-12T10:22:12.10Z,47.9058708,2.1640643,1320.341,13.35,17.54,8.31,0.486,0.882,0.12,52.72500,0.54009,3,15
2026-09-12T10:22:12.20Z,47.9058828,2.1640878,1319.521,13.26,17.64,8.34,0.486,0.881,0.12,53.07154,0.52042,3,15
2026-09-12T10:22:12.30Z,47.9058947,2.1641115,1318.701,13.07,17.77,8.35,0.486,0.880,0.12,53.67189,0.50501,3,15
2026-09-12T10:22:12.40Z,47.9059064,2.1641354,1317.879,12.88,17.84,8.38,0.486,0.879,0.12,54.16912,0.51832,3,15
2026-09-12T10:22:12.50Z,47.9059180,2.1641593,1317.050,12.70,17.98,8.27,0.485,0.877,0.12,54.75842,0.48463,3,15
2026-09-12T10:22:12.60Z,47.9059294,2.1641834,1316.226,12.67,18.01,8.40,0.485,0.876,0.12,54.88538,0.47486,3,15
2026-09-12T10:22:12.70Z,47.9059409,2.1642076,1315.403,12.64,18.08,8.47,0.484,0.875,0.12,55.04039,0.47396,3,15
2026-09-12T10:22:12.80Z,47.9059523,2.1642318,1314.579,12.63,18.17,8.26,0.484,0.873,0.12,55.20068,0.47254,3,15
2026-09-12T10:22:12.90Z,47.9059637,2.1642561,1313.755,12.73,18.10,8.27,0.484,0.872,0.12,54.89073,0.47239,3,15
2026-09-12T10:22:13.00Z,47.9059752,2.1642803,1312.931,12.56,18.18,8.21,0.483,0.871,0.12,55.37458,0.43991,3,15
2026-09-12T10:22:13.10Z,47.9059865,2.1643048,1312.109,12.53,18.33,8.39,0.482,0.869,0.12,55.63385,0.41385,3,15
2026-09-12T10:22:13.20Z,47.9059978,2.1643293,1311.278,12.51,18.36,8.31,0.481,0.868,0.12,55.71591,0.40311,3,15
2026-09-12T10:22:13.30Z,47.9060090,2.1643539,1310.460,12.33,18.37,8.31,0.481,0.866,0.12,56.13878,0.40503,3,15
2026-09-12T10:22:13.40Z,47.9060201,2.1643785,1309.644,12.29,18.40,8.26,0.480,0.865,0.12,56.26627,0.40507,3,15
2026-09-12T10:22:13.50Z,47.9060312,2.1644031,1308.827,12.36,18.35,8.34,0.479,0.863,0.12,56.03512,0.40490,3,15
2026-09-12T10:22:13.60Z,47.9060424,2.1644276,1308.009,12.42,18.28,8.21,0.478,0.862,0.12,55.79501,0.40524,3,15
2026-09-12T10:22:13.70Z,47.9060537,2.1644520,1307.206,12.44,18.12,8.15,0.477,0.861,0.12,55.53553,0.39530,3,15
2026-09-12T10:22:13.80Z,47.9060649,2.1644764,1306.393,12.51,18.31,8.20,0.477,0.859,0.12,55.66807,0.38551,3,15
2026-09-12T10:22:13.90Z,47.9060762,2.1645010,1305.581,12.49,18.36,8.24,0.476,0.858,0.12,55.77610,0.38521,3,15
2026-09-12T10:22:14.00Z,47.9060875,2.1645255,1304.765,12.47,18.33,8.24,0.475,0.857,0.12,55.76460,0.39728,3,15
2026-09-12T10:22:14.10Z,47.9060987,2.1645501,1303.951,12.46,18.36,8.20,0.474,0.856,0.12,55.83841,0.39715,3,15
2026-09-12T10:22:14.20Z,47.9061100,2.1645746,1303.145,12.63,18.23,8.19,0.473,0.855,0.12,55.29204,0.39658,3,15
2026-09-12T10:22:14.30Z,47.9061214,2.1645990,1302.328,12.72,18.24,8.24,0.473,0.854,0.12,55.09884,0.39526,3,15
2026-09-12T10:22:14.40Z,47.9061330,2.1646233,1301.524,12.78,18.05,8.25,0.472,0.853,0.12,54.70184,0.39682,3,15
2026-09-12T10:22:14.50Z,47.9061446,2.1646473,1300.705,13.02,17.88,8.20,0.471,0.852,0.12,53.93638,0.39571,3,15
2026-09-12T10:22:14.60Z,47.9061563,2.1646712,1299.893,12.97,17.81,8.18,0.471,0.851,0.12,53.93305,0.39744,3,15
2026-09-12T10:22:14.70Z,47.9061680,2.1646951,1299.085,12.98,17.89,8.21,0.470,0.850,0.12,54.03298,0.39462,3,15
2026-09-12T10:22:14.80Z,47.9061798,2.1647190,1298.270,13.08,17.86,8.14,0.469,0.849,0.12,53.77215,0.39366,3,15
2026-09-12T10:22:14.90Z,47.9061916,2.1647428,1297.457,13.12,17.75,8.16,0.468,0.848,0.12,53.52760,0.39446,3,15
2026-09-12T10:22:15.00Z,47.9062034,2.1647666,1296.649,13.20,17.75,8.19,0.468,0.846,0.12,53.36176,0.39333,3,15
2026-09-12T10:22:15.10Z,47.9062154,2.1647903,1295.837,13.40,17.63,8.18,0.467,0.846,0.12,52.75715,0.39917,3,15
2026-09-12T10:22:15.20Z,47.9062276,2.1648138,1295.020,13.55,17.55,8.13,0.466,0.845,0.12,52.33552,0.39805,3,15
2026-09-12T10:22:15.30Z,47.9062398,2.1648373,1294.218,13.66,17.43,8.25,0.466,0.844,0.12,51.92455,0.39778,3,15
2026-09-12T10:22:15.40Z,47.9062522,2.1648605,1293.394,13.76,17.41,8.17,0.465,0.843,0.12,51.66873,0.40221,3,15
2026-09-12T10:22:15.50Z,47.9062646,2.1648837,1292.580,13.82,17.21,8.12,0.465,0.842,0.12,51.22688,0.42274,3,15
2026-09-12T10:22:15.60Z,47.9062771,2.1649066,1291.768,14.00,17.05,8.20,0.464,0.841,0.12,50.60195,0.41952,3,15
2026-09-12T10:22:15.70Z,47.9062898,2.1649293,1290.955,14.07,16.77,8.09,0.464,0.840,0.12,50.00202,0.42741,3,15
2026-09-12T10:22:15.80Z,47.9063025,2.1649517,1290.144,14.10,16.74,8.09,0.463,0.839,0.13,49.89023,0.42898,3,15
2026-09-12T10:22:15.90Z,47.9063153,2.1649741,1289.330,14.24,16.74,8.16,0.463,0.838,0.13,49.61159,0.42933,3,15
2026-09-12T10:22:16.00Z,47.9063281,2.1649964,1288.513,14.28,16.64,8.06,0.462,0.837,0.13,49.36519,0.42972,3,15
2026-09-12T10:22:16.10Z,47.9063410,2.1650186,1287.709,14.33,16.55,8.16,0.462,0.836,0.13,49.10710,0.42844,3,15
2026-09-12T10:22:16.20Z,47.9063540,2.1650406,1286.889,14.55,16.42,8.14,0.462,0.836,0.13,48.46199,0.42785,3,15
2026-09-12T10:22:16.30Z,47.9063672,2.1650625,1286.082,14.66,16.27,8.19,0.461,0.835,0.13,47.98035,0.43259,3,15
2026-09-12T10:22:16.40Z,47.9063804,2.1650842,1285.266,14.78,16.12,8.10,0.461,0.834,0.13,47.48813,0.43227,3,15
2026-09-12T10:22:16.50Z,47.9063937,2.1651058,1284.447,14.83,16.21,8.18,0.461,0.833,0.13,47.53955,0.42398,3,15
2026-09-12T10:22:16.60Z,47.9064072,2.1651273,1283.618,14.98,16.05,8.23,0.460,0.832,0.13,46.97402,0.42304,3,15
2026-09-12T10:22:16.70Z,47.9064206,2.1651487,1282.791,14.93,15.93,8.21,0.460,0.831,0.13,46.85749,0.42519,3,15
2026-09-12T10:22:16.80Z,47.9064341,2.1651700,1281.967,14.93,15.94,8.17,0.460,0.830,0.13,46.87836,0.42518,3,15
2026-09-12T10:22:16.90Z,47.9064475,2.1651913,1281.152,15.01,15.86,8.16,0.460,0.830,0.13,46.58385,0.42446,3,15
2026-09-12T10:22:17.00Z,47.9064611,2.1652124,1280.334,15.12,15.75,8.22,0.459,0.829,0.13,46.16463,0.42375,3,15
2026-09-12T10:22:17.10Z,47.9064748,2.1652335,1279.514,15.18,15.75,8.17,0.459,0.828,0.13,46.05526,0.42922,3,15
2026-09-12T10:22:17.20Z,47.9064884,2.1652545,1278.699,15.21,15.65,8.17,0.459,0.827,0.13,45.82655,0.42970,3,15
2026-09-12T10:22:17.30Z,47.9065021,2.1652753,1277.885,15.21,15.51,8.13,0.458,0.827,0.13,45.57435,0.44747,3,15
2026-09-12T10:22:17.40Z,47.9065158,2.1652961,1277.067,15.22,15.51,8.06,0.458,0.826,0.13,45.54127,0.45093,3,15
2026-09-12T10:22:17.50Z,47.9065296,2.1653167,1276.262,15.24,15.39,8.07,0.458,0.825,0.13,45.28179,0.45199,3,15
2026-09-12T10:22:17.60Z,47.9065433,2.1653371,1275.464,15.25,15.08,7.79,0.458,0.824,0.13,44.68065,0.43650,3,15
2026-09-12T10:22:17.70Z,47.9065569,2.1653570,1274.682,14.97,14.67,7.63,0.458,0.824,0.13,44.40678,0.40809,3,15
2026-09-12T10:22:17.80Z,47.9065702,2.1653764,1273.908,14.54,14.35,7.98,0.457,0.823,0.13,44.61942,0.39813,3,15
2026-09-12T10:22:17.90Z,47.9065833,2.1653956,1273.096,14.61,14.25,8.78,0.456,0.823,0.17,44.28853,0.42583,3,15
2026-09-12T10:22:18.00Z,47.9065967,2.1654151,1272.252,15.02,14.92,8.31,0.456,0.823,0.19,44.80725,0.42913,3,15
2026-09-12T10:22:18.10Z,47.9066102,2.1654353,1271.446,15.04,15.33,7.92,0.456,0.824,0.20,45.54601,0.42632,3,15
2026-09-12T10:22:18.20Z,47.9066239,2.1654559,1270.653,15.17,15.46,7.89,0.456,0.826,0.21,45.53352,0.42533,3,15
2026-09-12T10:22:18.30Z,47.9066376,2.1654766,1269.858,15.18,15.39,7.93,0.456,0.828,0.21,45.40523,0.42517,3,15
2026-09-12T10:22:18.40Z,47.9066513,2.1654971,1269.070,15.15,15.35,7.93,0.457,0.830,0.21,45.37503,0.42616,3,15
2026-09-12T10:22:18.50Z,47.9066650,2.1655177,1268.287,15.18,15.42,7.82,0.457,0.832,0.21,45.44159,0.42494,3,15
2026-09-12T10:22:18.60Z,47.9066787,2.1655384,1267.502,15.18,15.54,7.88,0.458,0.834,0.21,45.66118,0.42290,3,15
2026-09-12T10:22:18.70Z,47.9066924,2.1655593,1266.712,15.13,15.61,7.88,0.458,0.836,0.21,45.88437,0.42221,3,15
2026-09-12T10:22:18.80Z,47.9067060,2.1655801,1265.921,15.15,15.55,7.85,0.459,0.838,0.21,45.73372,0.42444,3,15
2026-09-12T10:22:18.90Z,47.9067197,2.1656009,1265.147,15.23,15.54,7.87,0.459,0.841,0.21,45.57302,0.42375,3,15
2026-09-12T10:22:19.00Z,47.9067335,2.1656217,1264.371,15.20,15.59,7.77,0.460,0.843,0.21,45.72283,0.42327,3,15
2026-09-12T10:22:19.10Z,47.9067472,2.1656426,1263.597,15.23,15.62,7.78,0.460,0.846,0.21,45.72630,0.42252,3,15
2026-09-12T10:22:19.20Z,47.9067610,2.1656635,1262.818,15.31,15.57,7.74,0.461,0.848,0.21,45.47974,0.42135,3,15
2026-09-12T10:22:19.30Z,47.9067748,2.1656842,1262.034,15.19,15.41,7.74,0.461,0.850,0.21,45.42153,0.42386,3,15
2026-09-12T10:22:19.40Z,47.9067885,2.1657049,1261.262,15.16,15.46,7.75,0.462,0.853,0.21,45.56062,0.42344,3,15
2026-09-12T10:22:19.50Z,47.9068022,2.1657255,1260.488,15.23,15.37,7.72,0.462,0.855,0.21,45.26858,0.42334,3,15
2026-09-12T10:22:19.60Z,47.9068160,2.1657461,1259.708,15.24,15.36,7.70,0.463,0.858,0.21,45.22049,0.42318,3,15
2026-09-12T10:22:19.70Z,47.9068297,2.1657666,1258.940,15.14,15.31,7.80,0.464,0.860,0.21,45.31197,0.42510,3,15
2026-09-12T10:22:19.80Z,47.9068434,2.1657870,1258.164,15.28,15.25,7.76,0.464,0.862,0.21,44.93714,0.42491,3,15
2026-09-12T10:22:19.90Z,47.9068572,2.1658074,1257.401,15.32,15.25,7.72,0.465,0.865,0.21,44.86120,0.42445,3,15
2026-09-12T10:22:20.00Z,47.9068710,2.1658278,1256.631,15.33,15.23,7.71,0.465,0.867,0.21,44.80635,0.42436,3,15
2026-09-12T10:22:20.10Z,47.9068849,2.1658482,1255.859,15.34,15.28,7.73,0.466,0.870,0.21,44.89093,0.42332,3,15
2026-09-12T10:22:20.20Z,47.9068988,2.1658687,1255.101,15.45,15.29,7.55,0.466,0.872,0.21,44.69912,0.42203,3,15
2026-09-12T10:22:20.30Z,47.9069127,2.1658892,1254.346,15.36,15.40,7.51,0.467,0.874,0.21,45.07634,0.42108,3,15
2026-09-12T10:22:20.40Z,47.9069266,2.1659099,1253.601,15.58,15.52,7.35,0.467,0.877,0.21,44.89859,0.41659,3,15
2026-09-12T10:22:20.50Z,47.9069406,2.1659307,1252.846,15.32,15.41,7.46,0.468,0.879,0.20,45.17079,0.41759,3,15
2026-09-12T10:22:20.60Z,47.9069544,2.1659514,1252.098,15.28,15.56,7.51,0.468,0.880,0.20,45.51799,0.41320,3,15
2026-09-12T10:22:20.70Z,47.9069682,2.1659723,1251.365,15.37,15.57,7.46,0.468,0.881,0.19,45.36568,0.41106,3,15
2026-09-12T10:22:20.80Z,47.9069821,2.1659932,1250.609,15.33,15.62,7.45,0.468,0.882,0.19,45.54498,0.40621,3,15
2026-09-12T10:22:20.90Z,47.9069958,2.1660140,1249.845,15.10,15.57,7.59,0.468,0.883,0.18,45.87749,0.40972,3,15
2026-09-12T10:22:21.00Z,47.9070093,2.1660348,1249.072,14.90,15.48,7.67,0.468,0.883,0.18,46.10170,0.41254,3,15
2026-09-12T10:22:21.10Z,47.9070227,2.1660555,1248.300,14.85,15.54,7.67,0.467,0.883,0.18,46.30834,0.41232,3,15
2026-09-12T10:22:21.20Z,47.9070361,2.1660763,1247.532,14.89,15.53,7.68,0.467,0.884,0.18,46.20103,0.41210,3,15
2026-09-12T10:22:21.30Z,47.9070495,2.1660972,1246.765,14.93,15.68,7.55,0.467,0.884,0.18,46.39798,0.40937,3,15
2026-09-12T10:22:21.40Z,47.9070630,2.1661184,1245.999,14.98,16.06,7.45,0.467,0.885,0.18,47.00071,0.40359,3,15
2026-09-12T10:22:21.50Z,47.9070766,2.1661401,1245.231,15.13,16.30,7.62,0.466,0.885,0.17,47.12279,0.37370,3,15
2026-09-12T10:22:21.60Z,47.9070901,2.1661617,1244.462,14.98,16.07,7.77,0.466,0.884,0.15,46.99994,0.36631,3,15
2026-09-12T10:22:21.70Z,47.9071035,2.1661830,1243.668,14.76,15.80,7.75,0.465,0.883,0.14,46.95629,0.37898,3,15
2026-09-12T10:22:21.80Z,47.9071168,2.1662042,1242.884,14.66,15.93,7.66,0.464,0.882,0.13,47.37217,0.37813,3,15
2026-09-12T10:22:21.90Z,47.9071299,2.1662255,1242.129,14.50,15.89,7.72,0.463,0.880,0.13,47.61044,0.38655,3,15
2026-09-12T10:22:22.00Z,47.9071429,2.1662466,1241.361,14.37,15.79,7.65,0.463,0.879,0.13,47.69965,0.38927,3,15
2026-09-12T10:22:22.10Z,47.9071558,2.1662677,1240.596,14.12,15.71,7.57,0.462,0.878,0.13,48.05134,0.39397,3,14
2026-09-12T10:22:22.20Z,47.9071682,2.1662886,1239.834,13.42,15.53,7.65,0.461,0.877,0.14,49.17013,0.40677,3,15
2026-09-12T10:22:22.30Z,47.9071803,2.1663095,1239.056,13.64,15.78,8.14,0.461,0.877,0.15,49.16236,0.39467,3,15
2026-09-12T10:22:22.40Z,47.9071929,2.1663306,1238.251,14.31,15.76,7.94,0.460,0.877,0.17,47.77248,0.42474,3,15
2026-09-12T10:22:22.50Z,47.9072058,2.1663520,1237.485,14.25,16.13,7.79,0.460,0.878,0.17,48.54799,0.44654,3,15
2026-09-12T10:22:22.60Z,47.9072186,2.1663736,1236.718,14.20,16.14,7.85,0.461,0.879,0.17,48.64496,0.44756,3,15
2026-09-12T10:22:22.70Z,47.9072315,2.1663951,1235.945,14.21,16.08,7.79,0.461,0.879,0.18,48.52353,0.44913,3,15
2026-09-12T10:22:22.80Z,47.9072442,2.1664168,1235.178,14.01,16.34,7.69,0.461,0.880,0.18,49.38558,0.46248,3,15
2026-09-12T10:22:22.90Z,47.9072568,2.1664388,1234.413,13.97,16.49,7.86,0.461,0.881,0.18,49.72979,0.46094,3,15
2026-09-12T10:22:23.00Z,47.9072695,2.1664609,1233.656,14.09,16.52,7.61,0.461,0.882,0.18,49.55140,0.44322,3,15
2026-09-12T10:22:23.10Z,47.9072821,2.1664831,1232.892,13.94,16.54,7.71,0.461,0.883,0.18,49.88394,0.43292,3,15
2026-09-12T10:22:23.20Z,47.9072947,2.1665052,1232.117,13.98,16.54,7.75,0.461,0.884,0.18,49.79069,0.43217,3,15
2026-09-12T10:22:23.30Z,47.9073074,2.1665274,1231.342,13.97,16.66,7.73,0.462,0.885,0.18,50.01892,0.43095,3,15
2026-09-12T10:22:23.40Z,47.9073199,2.1665498,1230.585,13.90,16.75,7.65,0.462,0.886,0.18,50.32658,0.43108,3,15
2026-09-12T10:22:23.50Z,47.9073325,2.1665722,1229.825,14.04,16.69,7.62,0.462,0.887,0.18,49.92721,0.42965,3,15
2026-09-12T10:22:23.60Z,47.9073452,2.1665945,1229.071,14.07,16.75,7.51,0.462,0.888,0.18,49.96825,0.41941,3,15
2026-09-12T10:22:23.70Z,47.9073579,2.1666171,1228.333,14.03,16.88,7.55,0.462,0.889,0.17,50.26378,0.38698,3,15
2026-09-12T10:22:23.80Z,47.9073705,2.1666396,1227.561,13.87,16.86,7.76,0.462,0.889,0.17,50.56040,0.38794,3,15
2026-09-12T10:22:23.90Z,47.9073830,2.1666621,1226.776,13.90,16.78,7.71,0.461,0.889,0.16,50.35462,0.38546,3,15
2026-09-12T10:22:24.00Z,47.9073955,2.1666845,1226.010,13.94,16.74,7.69,0.461,0.889,0.16,50.20857,0.37325,3,15
2026-09-12T10:22:24.10Z,47.9074081,2.1667069,1225.240,14.03,16.80,7.73,0.461,0.889,0.16,50.14158,0.37109,3,15
2026-09-12T10:22:24.20Z,47.9074207,2.1667294,1224.465,14.00,16.81,7.66,0.460,0.889,0.16,50.20232,0.37117,3,15
2026-09-12T10:22:24.30Z,47.9074333,2.1667519,1223.686,14.04,16.75,7.75,0.460,0.888,0.15,50.01445,0.37123,3,15
2026-09-12T10:22:24.40Z,47.9074460,2.1667742,1222.917,14.22,16.73,7.71,0.459,0.888,0.14,49.63722,0.36885,3,15
2026-09-12T10:22:24.50Z,47.9074588,2.1667966,1222.140,14.18,16.69,7.73,0.458,0.887,0.14,49.66449,0.36946,3,15
2026-09-12T10:22:24.60Z,47.9074716,2.1668188,1221.377,14.49,16.61,7.81,0.458,0.887,0.14,48.90123,0.36609,3,15
2026-09-12T10:22:24.70Z,47.9074849,2.1668413,1220.603,14.92,16.94,7.70,0.457,0.886,0.14,48.62038,0.35707,3,15
2026-09-12T10:22:24.80Z,47.9074982,2.1668640,1219.836,14.71,17.12,7.86,0.457,0.885,0.13,49.33974,0.35719,3,15
2026-09-12T10:22:24.90Z,47.9075113,2.1668867,1219.048,14.38,16.83,7.76,0.456,0.884,0.12,49.47475,0.37365,3,15
2026-09-12T10:22:25.00Z,47.9075243,2.1669091,1218.282,14.36,16.71,7.68,0.455,0.883,0.13,49.31964,0.39304,3,15
2026-09-12T10:22:25.10Z,47.9075372,2.1669314,1217.525,14.43,16.56,7.60,0.455,0.882,0.13,48.93082,0.42355,3,15
2026-09-12T10:22:25.20Z,47.9075502,2.1669534,1216.776,14.39,16.52,7.61,0.454,0.881,0.13,48.92621,0.42464,3,15
2026-09-12T10:22:25.30Z,47.9075630,2.1669755,1216.037,14.31,16.52,7.59,0.454,0.880,0.13,49.11311,0.44217,3,15
2026-09-12T10:22:25.40Z,47.9075759,2.1669975,1215.306,14.31,16.52,7.47,0.454,0.879,0.13,49.10192,0.44222,3,15
2026-09-12T10:22:25.50Z,47.9075887,2.1670196,1214.571,14.33,16.47,7.56,0.453,0.878,0.13,48.98927,0.45466,3,15
2026-09-12T10:22:25.60Z,47.9076017,2.1670416,1213.833,14.43,16.50,7.52,0.453,0.877,0.13,48.82894,0.45264,3,15
2026-09-12T10:22:25.70Z,47.9076147,2.1670638,1213.103,14.51,16.69,7.44,0.453,0.876,0.13,48.99593,0.46679,3,15
2026-09-12T10:22:25.80Z,47.9076276,2.1670862,1212.372,14.36,16.89,7.34,0.453,0.875,0.13,49.61902,0.46617,3,15
2026-09-12T10:22:25.90Z,47.9076405,2.1671086,1211.667,14.22,16.68,7.08,0.453,0.874,0.13,49.54954,0.48487,3,15
2026-09-12T10:22:26.00Z,47.9076532,2.1671308,1210.978,14.17,16.60,6.95,0.453,0.873,0.12,49.52695,0.52225,3,15
2026-09-12T10:22:26.10Z,47.9076659,2.1671531,1210.288,14.00,16.77,7.07,0.453,0.872,0.12,50.14907,0.52155,3,15
2026-09-12T10:22:26.20Z,47.9076784,2.1671755,1209.594,13.87,16.73,6.90,0.453,0.871,0.12,50.33015,0.54048,3,15
2026-09-12T10:22:26.30Z,47.9076908,2.1671978,1208.912,13.78,16.76,6.84,0.453,0.870,0.12,50.57298,0.54704,3,15
2026-09-12T10:22:26.40Z,47.9077032,2.1672203,1208.246,13.66,16.84,6.80,0.453,0.868,0.12,50.96302,0.56401,3,15
2026-09-12T10:22:26.50Z,47.9077154,2.1672428,1207.574,13.53,16.86,6.75,0.454,0.867,0.12,51.26695,0.57776,3,15
2026-09-12T10:22:26.60Z,47.9077274,2.1672653,1206.905,13.36,16.86,6.77,0.454,0.866,0.12,51.62251,0.59175,3,15
2026-09-12T10:22:26.70Z,47.9077393,2.1672879,1206.228,13.08,17.01,6.76,0.455,0.865,0.13,52.43785,0.59397,3,15
2026-09-12T10:22:26.80Z,47.9077509,2.1673108,1205.557,12.79,17.16,6.83,0.455,0.864,0.13,53.29337,0.59802,3,15
2026-09-12T10:22:26.90Z,47.9077623,2.1673339,1204.891,12.64,17.31,6.85,0.456,0.863,0.13,53.87443,0.59982,3,15
2026-09-12T10:22:27.00Z,47.9077736,2.1673572,1204.222,12.42,17.50,6.76,0.456,0.862,0.14,54.64873,0.60418,3,15
2026-09-12T10:22:27.10Z,47.9077846,2.1673807,1203.546,12.16,17.64,6.99,0.457,0.862,0.14,55.41426,0.60444,3,15
2026-09-12T10:22:27.20Z,47.9077955,2.1674044,1202.863,12.12,17.80,6.89,0.458,0.861,0.14,55.75960,0.60619,3,15
2026-09-12T10:22:27.30Z,47.9078063,2.1674282,1202.186,11.86,17.85,6.76,0.459,0.860,0.14,56.38661,0.61672,3,15
2026-09-12T10:22:27.40Z,47.9078168,2.1674521,1201.522,11.57,17.90,6.71,0.459,0.859,0.14,57.13155,0.62213,3,15
2026-09-12T10:22:27.50Z,47.9078271,2.1674760,1200.851,11.39,17.81,6.83,0.460,0.859,0.14,57.40015,0.62658,3,15
2026-09-12T10:22:27.60Z,47.9078372,2.1674998,1200.170,11.05,17.85,6.88,0.461,0.858,0.14,58.23093,0.63072,3,15
2026-09-12T10:22:27.70Z,47.9078471,2.1675237,1199.488,10.85,17.89,6.98,0.462,0.857,0.14,58.77046,0.60682,3,15
2026-09-12T10:22:27.80Z,47.9078567,2.1675478,1198.809,10.67,17.97,6.88,0.462,0.856,0.14,59.29761,0.59332,3,15
2026-09-12T10:22:27.90Z,47.9078663,2.1675718,1198.140,10.61,17.86,6.68,0.463,0.855,0.12,59.29561,0.56895,3,15
2026-09-12T10:22:28.00Z,47.9078758,2.1675956,1197.467,10.43,17.81,6.75,0.463,0.855,0.13,59.64923,0.55262,3,15
2026-09-12T10:22:28.10Z,47.9078852,2.1676194,1196.789,10.33,17.93,6.82,0.463,0.854,0.12,60.06477,0.48482,3,15
2026-09-12T10:22:28.20Z,47.9078944,2.1676433,1196.097,10.23,17.93,6.87,0.463,0.853,0.12,60.28537,0.43607,3,15
2026-09-12T10:22:28.30Z,47.9079036,2.1676671,1195.403,10.16,17.90,7.13,0.462,0.853,0.12,60.40743,0.41280,3,15
2026-09-12T10:22:28.40Z,47.9079128,2.1676912,1194.689,10.24,18.17,7.22,0.461,0.852,0.12,60.60911,0.40839,3,15
2026-09-12T10:22:28.50Z,47.9079221,2.1677155,1193.969,10.31,18.30,7.05,0.461,0.852,0.14,60.60347,0.39542,3,15
2026-09-12T10:22:28.60Z,47.9079314,2.1677398,1193.252,10.30,18.21,7.17,0.460,0.852,0.14,60.49597,0.40548,3,15
2026-09-12T10:22:28.70Z,47.9079406,2.1677641,1192.518,10.11,18.17,7.42,0.460,0.851,0.15,60.91657,0.41601,3,15
2026-09-12T10:22:28.80Z,47.9079497,2.1677884,1191.777,10.13,18.26,7.48,0.459,0.851,0.15,60.96884,0.41436,3,15
2026-09-12T10:22:28.90Z,47.9079589,2.1678128,1191.019,10.16,18.27,7.45,0.459,0.851,0.15,60.93145,0.41403,3,15
2026-09-12T10:22:29.00Z,47.9079681,2.1678372,1190.272,10.14,18.28,7.42,0.458,0.851,0.15,60.98185,0.41390,3,15
2026-09-12T10:22:29.10Z,47.9079772,2.1678615,1189.519,10.14,18.17,7.44,0.458,0.851,0.14,60.84639,0.41596,3,15
2026-09-12T10:22:29.20Z,47.9079863,2.1678858,1188.775,10.00,18.23,7.40,0.457,0.851,0.14,61.26657,0.42086,3,15
2026-09-12T10:22:29.30Z,47.9079953,2.1679102,1188.026,9.94,18.31,7.55,0.457,0.851,0.14,61.51094,0.41998,3,15
2026-09-12T10:22:29.40Z,47.9080043,2.1679347,1187.260,10.03,18.24,7.75,0.456,0.851,0.14,61.18259,0.42479,3,15
2026-09-12T10:22:29.50Z,47.9080133,2.1679591,1186.475,10.13,18.38,7.81,0.456,0.851,0.14,61.14758,0.41955,3,15
2026-09-12T10:22:29.60Z,47.9080225,2.1679837,1185.697,10.15,18.42,7.81,0.455,0.851,0.14,61.14140,0.41865,3,15
2026-09-12T10:22:29.70Z,47.9080317,2.1680082,1184.907,10.11,18.35,7.76,0.455,0.850,0.14,61.14323,0.41319,3,15
2026-09-12T10:22:29.80Z,47.9080408,2.1680327,1184.114,10.13,18.41,7.87,0.454,0.850,0.13,61.17817,0.41182,3,15
2026-09-12T10:22:29.90Z,47.9080499,2.1680574,1183.317,9.99,18.53,8.00,0.454,0.850,0.13,61.66452,0.41127,3,15
2026-09-12T10:22:30.00Z,47.9080589,2.1680822,1182.500,9.96,18.71,8.14,0.453,0.850,0.13,61.98474,0.40845,3,15
2026-09-12T10:22:30.20Z,47.9080767,2.1681324,1180.866,9.84,18.82,8.13,0.454,0.853,0.14,62.41037,0.40903,3,15
2026-09-12T10:22:30.30Z,47.9080856,2.1681575,1180.037,9.79,18.87,8.20,0.454,0.852,0.14,62.56888,0.40758,3,15
2026-09-12T10:22:30.40Z,47.9080943,2.1681828,1179.211,9.67,18.94,8.36,0.453,0.852,0.13,62.95029,0.40734,3,15
2026-09-12T10:22:30.50Z,47.9081031,2.1682079,1178.339,9.66,18.73,8.56,0.453,0.851,0.13,62.70419,0.41080,3,15
2026-09-12T10:22:30.60Z,47.9081116,2.1682329,1177.490,9.31,18.68,8.46,0.452,0.851,0.13,63.50440,0.41500,3,15
2026-09-12T10:22:30.70Z,47.9081199,2.1682581,1176.633,8.99,19.06,8.75,0.451,0.850,0.13,64.75239,0.41088,3,15
2026-09-12T10:22:30.80Z,47.9081281,2.1682837,1175.762,9.21,19.32,8.62,0.451,0.850,0.13,64.52061,0.38897,3,15
2026-09-12T10:22:30.90Z,47.9081363,2.1683095,1174.902,9.08,19.17,8.58,0.450,0.849,0.13,64.64715,0.39233,3,15
2026-09-12T10:22:31.00Z,47.9081445,2.1683353,1174.037,9.07,19.51,8.66,0.450,0.849,0.13,65.06897,0.38699,3,15
2026-09-12T10:22:31.10Z,47.9081526,2.1683614,1173.172,8.95,19.51,8.82,0.449,0.848,0.13,65.36007,0.39816,3,15
2026-09-12T10:22:31.20Z,47.9081605,2.1683875,1172.295,8.86,19.46,8.82,0.449,0.847,0.12,65.53111,0.39905,3,15
2026-09-12T10:22:31.30Z,47.9081685,2.1684136,1171.427,8.76,19.48,8.78,0.448,0.847,0.12,65.78931,0.40899,3,15
2026-09-12T10:22:31.40Z,47.9081764,2.1684397,1170.556,8.80,19.55,8.77,0.448,0.846,0.12,65.77136,0.41597,3,15
2026-09-12T10:22:31.50Z,47.9081843,2.1684657,1169.686,8.88,19.40,8.76,0.447,0.846,0.12,65.40297,0.41796,3,15
2026-09-12T10:22:31.60Z,47.9081923,2.1684915,1168.819,8.82,19.29,8.80,0.447,0.845,0.12,65.41990,0.42034,3,15
2026-09-12T10:22:31.70Z,47.9082003,2.1685174,1167.932,8.91,19.48,8.82,0.447,0.844,0.12,65.41694,0.41564,3,15
2026-09-12T10:22:31.80Z,47.9082083,2.1685435,1167.055,9.00,19.52,8.95,0.446,0.844,0.12,65.24989,0.41428,3,15
2026-09-12T10:22:31.90Z,47.9082165,2.1685696,1166.169,9.12,19.52,8.86,0.446,0.843,0.12,64.96236,0.40489,3,15
2026-09-12T10:22:32.00Z,47.9082247,2.1685957,1165.287,9.23,19.59,8.87,0.445,0.842,0.12,64.77428,0.40275,3,15
2026-09-12T10:22:32.10Z,47.9082330,2.1686219,1164.412,9.24,19.44,8.90,0.445,0.842,0.12,64.56800,0.40516,3,15
2026-09-12T10:22:32.20Z,47.9082414,2.1686479,1163.519,9.45,19.56,8.93,0.444,0.841,0.12,64.19708,0.40145,3,15
2026-09-12T10:22:32.30Z,47.9082499,2.1686741,1162.627,9.50,19.55,8.89,0.444,0.841,0.12,64.09030,0.40117,3,15
2026-09-12T10:22:32.40Z,47.9082585,2.1687001,1161.759,9.59,19.29,8.72,0.444,0.840,0.12,63.56798,0.40463,3,15
2026-09-12T10:22:32.50Z,47.9082672,2.1687260,1160.883,9.73,19.46,8.73,0.443,0.840,0.12,63.43582,0.40107,3,15
2026-09-12T10:22:32.60Z,47.9082760,2.1687519,1160.005,9.78,19.38,8.82,0.443,0.839,0.12,63.22380,0.39230,3,15
2026-09-12T10:22:32.70Z,47.9082849,2.1687778,1159.120,9.95,19.33,8.86,0.442,0.838,0.12,62.75342,0.39150,3,15
2026-09-12T10:22:32.80Z,47.9082939,2.1688036,1158.227,9.97,19.44,8.87,0.442,0.838,0.12,62.85486,0.38966,3,15
2026-09-12T10:22:32.90Z,47.9083028,2.1688296,1157.329,9.94,19.48,8.96,0.441,0.837,0.12,62.97240,0.38947,3,15
2026-09-12T10:22:33.00Z,47.9083118,2.1688556,1156.431,9.90,19.41,8.81,0.441,0.837,0.12,62.97923,0.39047,3,15
2026-09-12T10:22:33.10Z,47.9083207,2.1688815,1155.556,9.85,19.35,8.74,0.440,0.836,0.12,63.01943,0.39188,3,15
2026-09-12T10:22:33.20Z,47.9083295,2.1689074,1154.677,9.78,19.40,8.83,0.440,0.836,0.12,63.24215,0.39173,3,15
2026-09-12T10:22:33.30Z,47.9083383,2.1689333,1153.795,9.73,19.38,8.73,0.439,0.835,0.12,63.33264,0.39246,3,15
2026-09-12T10:22:33.40Z,47.9083470,2.1689592,1152.927,9.67,19.43,8.68,0.439,0.835,0.12,63.53594,0.40197,3,15
2026-09-12T10:22:33.50Z,47.9083557,2.1689851,1152.050,9.60,19.42,8.78,0.439,0.834,0.12,63.69261,0.40277,3,15
2026-09-12T10:22:33.60Z,47.9083642,2.1690112,1151.175,9.42,19.57,8.67,0.438,0.834,0.12,64.29453,0.40217,3,15
2026-09-12T10:22:33.70Z,47.9083727,2.1690374,1150.311,9.32,19.65,8.69,0.438,0.833,0.12,64.62228,0.40186,3,15
2026-09-12T10:22:33.80Z,47.9083810,2.1690636,1149.444,9.11,19.67,8.61,0.438,0.833,0.12,65.13695,0.40325,3,15
2026-09-12T10:22:33.90Z,47.9083890,2.1690900,1148.573,8.86,19.87,8.67,0.437,0.832,0.12,65.97252,0.40199,3,15
2026-09-12T10:22:34.00Z,47.9083969,2.1691166,1147.710,8.68,19.91,8.75,0.437,0.832,0.12,66.43983,0.40293,3,15
2026-09-12T10:22:34.10Z,47.9084046,2.1691432,1146.841,8.40,19.98,8.67,0.437,0.831,0.12,67.20500,0.40406,3,15
2026-09-12T10:22:34.20Z,47.9084120,2.1691700,1145.972,8.04,20.03,8.75,0.436,0.831,0.13,68.12926,0.40651,3,15
2026-09-12T10:22:34.30Z,47.9084191,2.1691968,1145.095,7.76,20.18,8.84,0.436,0.831,0.13,68.97711,0.40604,3,15
2026-09-12T10:22:34.40Z,47.9084260,2.1692238,1144.218,7.53,20.16,8.81,0.436,0.831,0.13,69.52879,0.40798,3,15
2026-09-12T10:22:34.50Z,47.9084327,2.1692508,1143.334,7.32,20.22,8.89,0.435,0.830,0.13,70.11294,0.40831,3,15
2026-09-12T10:22:34.60Z,47.9084392,2.1692779,1142.447,7.12,20.33,8.86,0.435,0.830,0.13,70.69572,0.40763,3,15
2026-09-12T10:22:34.70Z,47.9084455,2.1693050,1141.560,6.98,20.33,8.78,0.435,0.830,0.13,71.03617,0.40856,3,15
2026-09-12T10:22:34.80Z,47.9084517,2.1693323,1140.673,6.70,20.46,8.77,0.435,0.830,0.13,71.86100,0.40845,3,15
2026-09-12T10:22:34.90Z,47.9084576,2.1693597,1139.793,6.55,20.50,8.72,0.434,0.830,0.13,72.26827,0.40869,3,15
2026-09-12T10:22:35.00Z,47.9084635,2.1693871,1138.910,6.39,20.62,8.73,0.434,0.829,0.13,72.77429,0.38996,3,15
2026-09-12T10:22:35.10Z,47.9084691,2.1694148,1138.029,6.16,20.71,8.66,0.434,0.829,0.13,73.43359,0.38976,3,15
2026-09-12T10:22:35.20Z,47.9084746,2.1694425,1137.167,6.11,20.75,8.71,0.433,0.829,0.13,73.59021,0.39824,3,15
2026-09-12T10:22:35.30Z,47.9084801,2.1694702,1136.293,6.03,20.78,8.57,0.433,0.829,0.13,73.82539,0.39815,3,15
2026-09-12T10:22:35.40Z,47.9084855,2.1694980,1135.431,5.98,20.78,8.53,0.433,0.828,0.13,73.95313,0.39838,3,15
2026-09-12T10:22:35.50Z,47.9084908,2.1695257,1134.578,5.79,20.74,8.51,0.432,0.828,0.13,74.39890,0.40002,3,15
2026-09-12T10:22:35.60Z,47.9084960,2.1695535,1133.719,5.73,20.82,8.54,0.432,0.828,0.13,74.61629,0.39896,3,15
2026-09-12T10:22:35.70Z,47.9085011,2.1695814,1132.867,5.75,20.82,8.50,0.432,0.828,0.13,74.56203,0.39847,3,15
2026-09-12T10:22:35.80Z,47.9085064,2.1696092,1132.015,5.92,20.82,8.43,0.431,0.828,0.13,74.13258,0.39764,3,15
2026-09-12T10:22:35.90Z,47.9085117,2.1696370,1131.164,5.76,20.78,8.30,0.431,0.828,0.13,74.52044,0.39977,3,15
2026-09-12T10:22:36.00Z,47.9085168,2.1696647,1130.330,5.68,20.78,8.41,0.431,0.827,0.13,74.71914,0.39984,3,15
2026-09-12T10:22:36.20Z,47.9085271,2.1697202,1128.655,5.77,20.75,8.23,0.432,0.830,0.12,74.47369,0.40085,3,15
2026-09-12T10:22:36.30Z,47.9085323,2.1697479,1127.835,5.78,20.67,8.22,0.432,0.830,0.12,74.38557,0.40107,3,15
2026-09-12T10:22:36.40Z,47.9085375,2.1697756,1127.005,5.65,20.83,8.16,0.431,0.830,0.13,74.81920,0.39967,3,15
2026-09-12T10:22:36.50Z,47.9085425,2.1698035,1126.181,5.54,20.97,8.13,0.431,0.830,0.13,75.19869,0.39812,3,15
2026-09-12T10:22:36.60Z,47.9085475,2.1698316,1125.369,5.49,21.04,8.17,0.431,0.830,0.13,75.36281,0.39765,3,15
2026-09-12T10:22:36.70Z,47.9085524,2.1698598,1124.555,5.52,21.09,8.05,0.431,0.830,0.13,75.33964,0.39670,3,15
2026-09-12T10:22:36.80Z,47.9085574,2.1698880,1123.745,5.47,21.18,7.88,0.430,0.830,0.13,75.53374,0.39534,3,15
2026-09-12T10:22:36.90Z,47.9085623,2.1699164,1122.954,5.32,21.25,7.87,0.430,0.830,0.13,75.93756,0.39482,3,15
2026-09-12T10:22:37.00Z,47.9085669,2.1699448,1122.163,4.94,21.18,7.96,0.430,0.830,0.13,76.86175,0.39794,3,15
2026-09-12T10:22:37.10Z,47.9085713,2.1699730,1121.362,4.79,21.03,7.94,0.430,0.830,0.13,77.16523,0.40399,3,15
2026-09-12T10:22:37.20Z,47.9085757,2.1700011,1120.575,4.95,20.97,7.93,0.429,0.830,0.14,76.71201,0.40679,3,15
2026-09-12T10:22:37.30Z,47.9085801,2.1700291,1119.789,4.79,20.89,7.72,0.429,0.831,0.14,77.08993,0.40921,3,15
2026-09-12T10:22:37.40Z,47.9085842,2.1700571,1119.008,4.23,20.96,7.57,0.429,0.831,0.14,78.60146,0.42264,3,15
2026-09-12T10:22:37.50Z,47.9085879,2.1700852,1118.242,4.03,21.07,7.76,0.429,0.831,0.14,79.17185,0.42194,3,15
2026-09-12T10:22:37.60Z,47.9085915,2.1701133,1117.476,4.07,21.01,7.59,0.429,0.832,0.14,79.03970,0.41111,3,15
2026-09-12T10:22:37.70Z,47.9085949,2.1701415,1116.709,3.46,21.10,7.56,0.429,0.832,0.15,80.69374,0.41779,3,15
2026-09-12T10:22:37.80Z,47.9085978,2.1701698,1115.926,2.77,21.27,7.77,0.429,0.832,0.15,82.57965,0.41660,3,15
2026-09-12T10:22:37.90Z,47.9086001,2.1701983,1115.136,2.29,21.29,8.00,0.429,0.833,0.15,83.87084,0.41933,3,15
2026-09-12T10:22:38.00Z,47.9086020,2.1702266,1114.329,1.94,21.06,8.04,0.429,0.833,0.15,84.74042,0.41687,3,15
2026-09-12T10:22:38.10Z,47.9086034,2.1702547,1113.517,1.24,21.01,8.28,0.429,0.834,0.16,86.61011,0.42240,3,15
2026-09-12T10:22:38.20Z,47.9086045,2.1702830,1112.690,1.11,21.38,8.32,0.429,0.835,0.16,87.03891,0.41729,3,15
2026-09-12T10:22:38.30Z,47.9086053,2.1703117,1111.857,0.69,21.50,8.19,0.429,0.836,0.16,88.15311,0.42250,3,15
2026-09-12T10:22:38.40Z,47.9086058,2.1703401,1111.024,0.40,20.95,8.26,0.429,0.836,0.16,88.89641,0.44086,3,15
2026-09-12T10:22:38.50Z,47.9086061,2.1703681,1110.187,0.04,20.85,8.33,0.429,0.838,0.17,89.89290,0.44815,3,15
2026-09-12T10:22:38.60Z,47.9086059,2.1703960,1109.339,-0.51,20.91,8.30,0.429,0.839,0.17,91.39402,0.44785,3,15
2026-09-12T10:22:38.70Z,47.9086053,2.1704239,1108.483,-0.98,20.80,8.44,0.429,0.840,0.17,92.70686,0.45095,3,15
2026-09-12T10:22:38.80Z,47.9086042,2.1704518,1107.627,-1.37,20.86,8.49,0.429,0.841,0.17,93.75349,0.45027,3,15
2026-09-12T10:22:38.90Z,47.9086029,2.1704797,1106.761,-1.77,20.82,8.48,0.429,0.842,0.17,94.86599,0.45165,3,15
2026-09-12T10:22:39.00Z,47.9086012,2.1705076,1105.899,-1.92,20.84,8.43,0.430,0.843,0.17,95.26137,0.45016,3,15
2026-09-12T10:22:39.10Z,47.9085995,2.1705354,1105.031,-2.13,20.76,8.43,0.430,0.844,0.16,95.85925,0.44788,3,15
2026-09-12T10:22:39.20Z,47.9085974,2.1705631,1104.183,-2.43,20.73,8.63,0.430,0.845,0.16,96.68993,0.42887,3,15
2026-09-12T10:22:39.30Z,47.9085952,2.1705908,1103.336,-2.54,20.57,8.30,0.430,0.846,0.15,97.04127,0.43108,3,15
2026-09-12T10:22:39.40Z,47.9085928,2.1706182,1102.489,-2.83,20.48,8.26,0.430,0.846,0.15,97.87520,0.41929,3,15
2026-09-12T10:22:39.50Z,47.9085901,2.1706457,1101.634,-3.30,20.52,8.23,0.429,0.846,0.14,99.12936,0.41543,3,15
2026-09-12T10:22:39.60Z,47.9085871,2.1706731,1100.826,-3.43,20.55,8.12,0.429,0.847,0.14,99.47860,0.41424,3,15
2026-09-12T10:22:39.70Z,47.9085840,2.1707006,1100.012,-3.42,20.53,8.08,0.429,0.847,0.14,99.46462,0.41222,3,15
2026-09-12T10:22:39.80Z,47.9085809,2.1707281,1099.214,-3.52,20.53,7.86,0.429,0.847,0.14,99.73042,0.41258,3,15
2026-09-12T10:22:39.90Z,47.9085776,2.1707557,1098.429,-3.76,20.67,7.75,0.429,0.847,0.14,100.30628,0.40821,3,15
2026-09-12T10:22:40.00Z,47.9085742,2.1707834,1097.658,-3.80,20.72,7.68,0.428,0.847,0.14,100.39932,0.40707,3,15
2026-09-12T10:22:40.10Z,47.9085708,2.1708111,1096.907,-3.71,20.68,7.43,0.428,0.847,0.14,100.16778,0.40971,3,14
2026-09-12T10:22:40.20Z,47.9085673,2.1708387,1096.164,-4.10,20.66,7.31,0.428,0.847,0.14,101.22462,0.40339,3,15
2026-09-12T10:22:40.30Z,47.9085636,2.1708663,1095.422,-4.18,20.58,7.42,0.428,0.847,0.13,101.46693,0.40387,3,15
2026-09-12T10:22:40.40Z,47.9085600,2.1708938,1094.692,-3.99,20.47,7.29,0.427,0.847,0.13,101.02240,0.40580,3,15
2026-09-12T10:22:40.50Z,47.9085565,2.1709213,1093.972,-3.91,20.63,7.05,0.427,0.847,0.13,100.73810,0.39923,3,15
2026-09-12T10:22:40.60Z,47.9085529,2.1709488,1093.281,-3.98,20.45,6.69,0.427,0.847,0.13,101.00676,0.40197,3,15
2026-09-12T10:22:40.70Z,47.9085493,2.1709761,1092.619,-4.08,20.33,6.60,0.427,0.846,0.13,101.34675,0.39806,3,15
2026-09-12T10:22:40.80Z,47.9085456,2.1710034,1091.961,-4.08,20.50,6.64,0.426,0.846,0.13,101.25028,0.39501,3,15
2026-09-12T10:22:40.90Z,47.9085420,2.1710309,1091.306,-3.97,20.61,6.60,0.426,0.846,0.12,100.89247,0.39378,3,15
2026-09-12T10:22:41.00Z,47.9085385,2.1710584,1090.658,-3.95,20.55,6.38,0.426,0.845,0.12,100.88250,0.39490,3,15
2026-09-12T10:22:41.10Z,47.9085349,2.1710858,1090.044,-3.93,20.45,6.18,0.425,0.845,0.12,100.86770,0.39685,3,15
2026-09-12T10:22:41.20Z,47.9085315,2.1711131,1089.433,-3.78,20.42,6.04,0.425,0.844,0.12,100.49082,0.40020,3,15
2026-09-12T10:22:41.30Z,47.9085281,2.1711405,1088.822,-3.58,20.45,6.07,0.425,0.844,0.12,99.93419,0.40047,3,15
2026-09-12T10:22:41.40Z,47.9085250,2.1711678,1088.219,-3.49,20.33,6.01,0.425,0.843,0.12,99.74959,0.40323,3,15
2026-09-12T10:22:41.50Z,47.9085219,2.1711950,1087.625,-3.23,20.29,6.00,0.424,0.843,0.12,99.03117,0.40682,3,15
2026-09-12T10:22:41.60Z,47.9085191,2.1712221,1087.030,-3.09,20.32,5.75,0.424,0.843,0.12,98.64306,0.40716,3,15
2026-09-12T10:22:41.70Z,47.9085164,2.1712493,1086.440,-3.12,20.30,5.62,0.424,0.842,0.12,98.73735,0.40700,3,15
2026-09-12T10:22:41.80Z,47.9085137,2.1712763,1085.862,-2.90,20.07,5.77,0.424,0.842,0.12,98.21993,0.41274,3,15
2026-09-12T10:22:41.90Z,47.9085112,2.1713031,1085.287,-2.62,20.04,5.75,0.423,0.842,0.12,97.44046,0.41010,3,15
2026-09-12T10:22:42.00Z,47.9085089,2.1713299,1084.698,-2.49,20.01,5.64,0.423,0.841,0.13,97.08467,0.41347,3,15
2026-09-12T10:22:42.10Z,47.9085068,2.1713567,1084.134,-2.35,20.03,5.72,0.423,0.841,0.13,96.67726,0.41375,3,15
2026-09-12T10:22:42.20Z,47.9085047,2.1713835,1083.556,-2.28,20.17,5.78,0.423,0.841,0.13,96.44314,0.41203,3,15
2026-09-12T10:22:42.30Z,47.9085028,2.1714105,1082.977,-2.03,20.20,5.72,0.422,0.841,0.13,95.74183,0.41252,3,15
2026-09-12T10:22:42.40Z,47.9085011,2.1714375,1082.407,-1.64,20.05,5.58,0.422,0.840,0.13,94.68151,0.42267,3,15
2026-09-12T10:22:42.50Z,47.9084997,2.1714642,1081.841,-1.51,19.93,5.63,0.422,0.840,0.13,94.34383,0.42557,3,15
2026-09-12T10:22:42.60Z,47.9084984,2.1714908,1081.274,-1.44,19.90,5.61,0.422,0.840,0.13,94.13180,0.42664,3,15
2026-09-12T10:22:42.70Z,47.9084972,2.1715174,1080.692,-1.30,19.84,5.85,0.422,0.840,0.13,93.73686,0.42330,3,15
2026-09-12T10:22:42.80Z,47.9084962,2.1715440,1080.095,-1.12,19.89,6.07,0.421,0.839,0.13,93.22152,0.42279,3,15
2026-09-12T10:22:42.90Z,47.9084953,2.1715704,1079.489,-0.92,19.61,6.05,0.421,0.839,0.13,92.68238,0.42963,3,15
2026-09-12T10:22:43.00Z,47.9084945,2.1715966,1078.886,-0.80,19.55,5.94,0.421,0.839,0.14,92.33734,0.46080,3,15
2026-09-12T10:22:43.10Z,47.9084938,2.1716231,1078.300,-0.88,19.96,5.97,0.421,0.839,0.14,92.51632,0.48678,3,15
2026-09-12T10:22:43.20Z,47.9084931,2.1716498,1077.702,-0.71,20.04,5.75,0.421,0.839,0.15,92.03884,0.49020,3,15
2026-09-12T10:22:43.30Z,47.9084925,2.1716765,1077.125,-0.68,19.97,5.74,0.421,0.840,0.15,91.95731,0.47914,3,15
2026-09-12T10:22:43.40Z,47.9084918,2.1717033,1076.541,-0.76,20.09,5.79,0.421,0.840,0.15,92.17097,0.45622,3,15
2026-09-12T10:22:43.50Z,47.9084911,2.1717302,1075.954,-0.87,20.09,5.70,0.421,0.840,0.15,92.46631,0.43419,3,15
2026-09-12T10:22:43.60Z,47.9084904,2.1717570,1075.382,-0.76,20.12,5.82,0.421,0.841,0.16,92.14970,0.44174,3,15
2026-09-12T10:22:43.70Z,47.9084898,2.1717839,1074.787,-0.53,20.07,5.98,0.421,0.841,0.16,91.50485,0.44323,3,15
2026-09-12T10:22:43.80Z,47.9084892,2.1718108,1074.189,-0.82,20.11,5.79,0.421,0.842,0.16,92.33516,0.44263,3,15
2026-09-12T10:22:43.90Z,47.9084884,2.1718377,1073.596,-0.97,20.13,5.98,0.421,0.843,0.16,92.75600,0.44214,3,15
2026-09-12T10:22:44.00Z,47.9084875,2.1718645,1072.992,-0.97,20.05,6.08,0.421,0.844,0.16,92.77613,0.44398,3,15
2026-09-12T10:22:44.10Z,47.9084865,2.1718913,1072.366,-1.24,19.99,6.12,0.422,0.844,0.16,93.55633,0.44488,3,15
2026-09-12T10:22:44.20Z,47.9084853,2.1719179,1071.755,-1.52,19.85,6.18,0.422,0.845,0.16,94.38512,0.44776,3,15
2026-09-12T10:22:44.30Z,47.9084838,2.1719443,1071.133,-1.72,19.64,6.18,0.422,0.846,0.16,94.99816,0.45200,3,15
2026-09-12T10:22:44.40Z,47.9084822,2.1719706,1070.508,-1.86,19.62,6.19,0.422,0.846,0.15,95.42155,0.44795,3,15
2026-09-12T10:22:44.50Z,47.9084805,2.1719968,1069.878,-2.02,19.58,6.26,0.422,0.847,0.15,95.90323,0.44882,3,15
2026-09-12T10:22:44.60Z,47.9084786,2.1720229,1069.254,-2.26,19.51,6.27,0.422,0.847,0.15,96.62035,0.44855,3,15
2026-09-12T10:22:44.70Z,47.9084765,2.1720489,1068.610,-2.50,19.47,6.18,0.422,0.848,0.15,97.31946,0.45334,3,15
2026-09-12T10:22:44.80Z,47.9084741,2.1720749,1067.989,-2.78,19.39,6.14,0.422,0.849,0.15,98.15941,0.45445,3,15
2026-09-12T10:22:44.90Z,47.9084715,2.1721008,1067.374,-2.96,19.31,6.14,0.422,0.850,0.16,98.70573,0.45580,3,15
2026-09-12T10:22:45.00Z,47.9084688,2.1721267,1066.753,-3.11,19.50,6.39,0.422,0.850,0.16,99.06201,0.45048,3,15
2026-09-12T10:22:45.10Z,47.9084658,2.1721527,1066.090,-3.43,19.43,6.38,0.422,0.851,0.16,100.02031,0.45104,3,15
2026-09-12T10:22:45.20Z,47.9084628,2.1721787,1065.449,-3.45,19.35,6.38,0.422,0.852,0.16,100.10750,0.44754,3,15
2026-09-12T10:22:45.30Z,47.9084597,2.1722045,1064.803,-3.48,19.32,6.23,0.422,0.852,0.15,100.20652,0.43892,3,15
2026-09-12T10:22:45.40Z,47.9084566,2.1722302,1064.158,-3.32,19.07,6.33,0.422,0.852,0.15,99.89103,0.44525,3,15
2026-09-12T10:22:45.50Z,47.9084537,2.1722558,1063.508,-3.21,19.14,6.39,0.422,0.853,0.15,99.53164,0.44430,3,15
2026-09-12T10:22:45.60Z,47.9084507,2.1722814,1062.849,-3.42,19.17,6.52,0.422,0.853,0.15,100.10078,0.44081,3,15
2026-09-12T10:22:45.70Z,47.9084477,2.1723068,1062.171,-3.27,18.89,6.78,0.422,0.853,0.15,99.82267,0.44808,3,15
2026-09-12T10:22:45.80Z,47.9084448,2.1723319,1061.490,-3.10,18.66,6.82,0.422,0.854,0.16,99.43474,0.46916,3,15
2026-09-12T10:22:45.90Z,47.9084420,2.1723572,1060.816,-3.23,19.11,6.65,0.422,0.855,0.17,99.58643,0.51385,3,15
2026-09-12T10:22:46.00Z,47.9084391,2.1723828,1060.145,-3.19,19.21,6.46,0.423,0.857,0.18,99.43483,0.53811,3,15
2026-09-12T10:22:46.10Z,47.9084363,2.1724084,1059.474,-3.16,19.17,6.72,0.423,0.859,0.18,99.36110,0.53961,3,15
2026-09-12T10:22:46.20Z,47.9084334,2.1724341,1058.797,-3.10,19.23,6.81,0.424,0.861,0.18,99.16725,0.57368,3,15
2026-09-12T10:22:46.30Z,47.9084307,2.1724598,1058.093,-2.99,19.16,6.98,0.425,0.864,0.20,98.88217,0.59875,3,15
2026-09-12T10:22:46.40Z,47.9084282,2.1724855,1057.389,-2.78,19.35,6.84,0.426,0.867,0.20,98.16697,0.59784,3,15
2026-09-12T10:22:46.50Z,47.9084257,2.1725114,1056.684,-2.66,19.39,6.87,0.427,0.870,0.20,97.79912,0.59675,3,15
2026-09-12T10:22:46.60Z,47.9084234,2.1725374,1055.968,-2.56,19.38,6.86,0.428,0.873,0.20,97.51874,0.58632,3,15
2026-09-12T10:22:46.70Z,47.9084212,2.1725633,1055.261,-2.46,19.41,7.01,0.429,0.876,0.20,97.22778,0.58564,3,15
2026-09-12T10:22:46.80Z,47.9084191,2.1725892,1054.551,-2.31,19.39,6.99,0.431,0.880,0.21,96.80866,0.56960,3,15
2026-09-12T10:22:46.90Z,47.9084171,2.1726151,1053.833,-2.18,19.36,7.31,0.432,0.883,0.20,96.43447,0.54494,3,15
2026-09-12T10:22:47.00Z,47.9084152,2.1726411,1053.089,-2.05,19.54,7.24,0.433,0.886,0.20,95.98541,0.53975,3,15
2026-09-12T10:22:47.10Z,47.9084134,2.1726673,1052.368,-1.84,19.61,7.14,0.434,0.889,0.20,95.36590,0.53606,3,15
2026-09-12T10:22:47.20Z,47.9084118,2.1726934,1051.659,-1.70,19.45,7.26,0.435,0.892,0.21,95.01062,0.54719,3,15
2026-09-12T10:22:47.30Z,47.9084104,2.1727194,1050.917,-1.60,19.56,7.28,0.436,0.894,0.19,94.68062,0.53544,3,15
2026-09-12T10:22:47.40Z,47.9084090,2.1727456,1050.213,-1.38,19.59,7.31,0.437,0.897,0.21,94.01441,0.54023,3,15
2026-09-12T10:22:47.50Z,47.9084078,2.1727719,1049.477,-1.50,19.81,7.17,0.438,0.900,0.21,94.34026,0.54426,3,15
2026-09-12T10:22:47.60Z,47.9084065,2.1727985,1048.774,-1.37,19.98,7.03,0.440,0.904,0.22,93.91401,0.53775,3,15
2026-09-12T10:22:47.70Z,47.9084053,2.1728252,1048.063,-1.32,20.01,6.95,0.441,0.907,0.22,93.76245,0.53297,3,15
2026-09-12T10:22:47.80Z,47.9084042,2.1728519,1047.360,-1.35,19.95,7.05,0.442,0.910,0.22,93.86438,0.54240,3,15
2026-09-12T10:22:47.90Z,47.9084030,2.1728787,1046.667,-1.29,20.19,6.92,0.444,0.913,0.22,93.65237,0.52773,3,15
2026-09-12T10:22:48.00Z,47.9084019,2.1729057,1045.980,-1.28,20.09,6.91,0.445,0.917,0.22,93.65893,0.53021,3,15
2026-09-12T10:22:48.10Z,47.9084007,2.1729324,1045.278,-1.43,19.91,6.93,0.446,0.920,0.21,94.11738,0.56171,3,15
2026-09-12T10:22:48.20Z,47.9083994,2.1729591,1044.575,-1.59,20.00,6.88,0.448,0.924,0.21,94.55126,0.58754,3,15
2026-09-12T10:22:48.30Z,47.9083979,2.1729859,1043.889,-1.73,20.20,6.77,0.449,0.927,0.22,94.88774,0.58409,3,15
2026-09-12T10:22:48.40Z,47.9083963,2.1730129,1043.192,-1.79,20.15,6.90,0.450,0.931,0.22,95.08765,0.58569,3,15
2026-09-12T10:22:48.50Z,47.9083946,2.1730399,1042.488,-2.02,20.20,6.92,0.452,0.935,0.22,95.70146,0.58529,3,15
2026-09-12T10:22:48.60Z,47.9083927,2.1730669,1041.806,-2.27,20.28,6.80,0.453,0.939,0.22,96.37383,0.58432,3,15
2026-09-12T10:22:48.70Z,47.9083906,2.1730941,1041.128,-2.52,20.30,6.68,0.455,0.942,0.20,97.07872,0.57421,3,15
2026-09-12T10:22:48.80Z,47.9083882,2.1731212,1040.458,-2.79,20.26,6.67,0.456,0.946,0.20,97.84693,0.57730,3,15
2026-09-12T10:22:48.90Z,47.9083856,2.1731483,1039.803,-3.08,20.27,6.62,0.457,0.949,0.20,98.64567,0.56783,3,15
2026-09-12T10:22:49.00Z,47.9083827,2.1731754,1039.137,-3.34,20.31,6.58,0.458,0.953,0.21,99.32575,0.56641,3,15
2026-09-12T10:22:49.10Z,47.9083796,2.1732025,1038.486,-3.72,20.28,6.55,0.459,0.956,0.21,100.40239,0.55178,3,15
2026-09-12T10:22:49.20Z,47.9083761,2.1732296,1037.826,-3.90,20.33,6.54,0.460,0.959,0.20,100.87027,0.53138,3,15
2026-09-12T10:22:49.30Z,47.9083725,2.1732567,1037.156,-4.17,20.13,6.65,0.460,0.962,0.19,101.70582,0.53239,3,15
2026-09-12T10:22:49.40Z,47.9083687,2.1732835,1036.490,-4.43,19.98,6.67,0.461,0.965,0.19,102.49167,0.53488,3,15
2026-09-12T10:22:49.50Z,47.9083645,2.1733101,1035.815,-4.77,19.78,6.69,0.462,0.968,0.20,103.57097,0.55323,3,15
2026-09-12T10:22:49.60Z,47.9083601,2.1733367,1035.138,-5.11,20.05,6.46,0.463,0.971,0.21,104.29652,0.58386,3,15
2026-09-12T10:22:49.70Z,47.9083555,2.1733636,1034.468,-5.29,20.12,6.48,0.464,0.974,0.22,104.72557,0.58026,3,15
2026-09-12T10:22:49.80Z,47.9083507,2.1733905,1033.804,-5.37,20.17,6.46,0.466,0.978,0.21,104.91902,0.57842,3,15
2026-09-12T10:22:49.90Z,47.9083457,2.1734174,1033.157,-5.81,20.02,6.27,0.467,0.981,0.21,106.18731,0.58209,3,15
2026-09-12T10:22:50.00Z,47.9083404,2.1734442,1032.512,-6.12,19.99,6.37,0.468,0.984,0.19,107.00933,0.53437,3,15
2026-09-12T10:22:50.10Z,47.9083347,2.1734708,1031.862,-6.40,19.89,6.53,0.468,0.987,0.19,107.83759,0.54752,3,15
2026-09-12T10:22:50.20Z,47.9083288,2.1734973,1031.202,-6.84,19.78,6.48,0.469,0.989,0.19,109.08007,0.53842,3,15
2026-09-12T10:22:50.30Z,47.9083225,2.1735237,1030.567,-7.03,19.77,6.33,0.469,0.991,0.19,109.56326,0.53671,3,15
2026-09-12T10:22:50.40Z,47.9083161,2.1735501,1029.913,-7.41,19.67,6.37,0.470,0.993,0.19,110.64830,0.54741,3,15
2026-09-12T10:22:50.50Z,47.9083092,2.1735763,1029.264,-7.81,19.54,6.35,0.470,0.995,0.19,111.78269,0.54430,3,15
2026-09-12T10:22:50.60Z,47.9083020,2.1736023,1028.614,-8.12,19.36,6.39,0.471,0.997,0.19,112.75333,0.54345,3,15
2026-09-12T10:22:50.70Z,47.9082946,2.1736281,1027.966,-8.37,19.22,6.40,0.471,0.998,0.19,113.53168,0.53752,3,15
2026-09-12T10:22:50.80Z,47.9082869,2.1736537,1027.335,-8.71,19.20,6.23,0.471,0.999,0.19,114.40843,0.53307,3,15
2026-09-12T10:22:50.90Z,47.9082790,2.1736794,1026.705,-8.93,19.18,6.16,0.472,1.001,0.19,114.96802,0.52956,3,15
2026-09-12T10:22:51.00Z,47.9082708,2.1737049,1026.077,-9.21,19.06,6.01,0.472,1.002,0.19,115.78810,0.52772,3,15
2026-09-12T10:22:51.10Z,47.9082624,2.1737304,1025.458,-9.46,19.09,6.07,0.472,1.003,0.18,116.37256,0.51637,3,15
2026-09-12T10:22:51.20Z,47.9082536,2.1737561,1024.866,-10.06,19.36,5.60,0.472,1.003,0.18,117.46956,0.49242,3,15
2026-09-12T10:22:51.30Z,47.9082443,2.1737822,1024.247,-10.60,19.61,6.15,0.473,1.004,0.17,118.38791,0.45165,3,15
2026-09-12T10:22:51.40Z,47.9082350,2.1738080,1023.550,-10.31,18.96,6.97,0.472,1.003,0.16,118.52749,0.42387,3,15
2026-09-12T10:22:51.50Z,47.9082258,2.1738331,1022.824,-10.04,18.47,7.13,0.472,1.003,0.16,118.53279,0.43670,3,15
2026-09-12T10:22:51.60Z,47.9082168,2.1738580,1022.112,-10.11,18.74,7.08,0.472,1.004,0.16,118.34868,0.43655,3,15
2026-09-12T10:22:51.70Z,47.9082076,2.1738829,1021.389,-10.39,18.48,7.13,0.472,1.005,0.17,119.34646,0.44417,3,15
2026-09-12T10:22:51.80Z,47.9081982,2.1739076,1020.681,-10.46,18.49,6.98,0.472,1.006,0.16,119.49507,0.44260,3,15
2026-09-12T10:22:51.90Z,47.9081887,2.1739322,1019.972,-10.71,18.38,6.98,0.472,1.006,0.16,120.21342,0.44180,3,15
2026-09-12T10:22:52.00Z,47.9081790,2.1739567,1019.269,-10.90,18.23,6.86,0.472,1.007,0.16,120.86898,0.44261,3,15
2026-09-12T10:22:52.10Z,47.9081691,2.1739811,1018.564,-11.11,18.11,6.85,0.472,1.008,0.16,121.52318,0.44377,3,15
2026-09-12T10:22:52.20Z,47.9081591,2.1740051,1017.850,-11.28,17.82,6.92,0.472,1.009,0.16,122.33966,0.44680,3,15
2026-09-12T10:22:52.30Z,47.9081488,2.1740289,1017.129,-11.62,17.60,7.09,0.472,1.010,0.16,123.44097,0.48442,3,15
2026-09-12T10:22:52.40Z,47.9081383,2.1740522,1016.406,-11.84,17.33,7.12,0.472,1.011,0.16,124.34249,0.48716,3,15
2026-09-12T10:22:52.50Z,47.9081275,2.1740752,1015.669,-12.29,17.01,7.18,0.472,1.012,0.16,125.84427,0.49644,3,15
2026-09-12T10:22:52.60Z,47.9081163,2.1740977,1014.924,-12.68,16.56,7.37,0.473,1.013,0.17,127.44726,0.50776,3,15
2026-09-12T10:22:52.70Z,47.9081047,2.1741195,1014.171,-13.15,16.14,7.55,0.473,1.015,0.17,129.16093,0.54650,3,15
2026-09-12T10:22:52.80Z,47.9080926,2.1741408,1013.407,-13.66,15.65,7.85,0.473,1.017,0.17,131.12020,0.55597,3,15
2026-09-12T10:22:52.90Z,47.9080801,2.1741614,1012.606,-14.17,15.16,8.15,0.474,1.019,0.17,133.07546,0.58235,3,15
2026-09-12T10:22:53.00Z,47.9080672,2.1741812,1011.786,-14.58,14.60,8.37,0.475,1.021,0.17,134.97365,0.62811,3,15
2026-09-12T10:22:53.10Z,47.9080539,2.1742003,1010.919,-15.04,13.98,8.74,0.476,1.023,0.17,137.08603,0.65703,3,15
2026-09-12T10:22:53.20Z,47.9080402,2.1742185,1010.020,-15.49,13.18,9.09,0.477,1.026,0.17,139.59872,0.68477,3,15
2026-09-12T10:22:53.30Z,47.9080261,2.1742356,1009.095,-15.89,12.44,9.38,0.478,1.028,0.18,141.94773,0.70572,3,15
2026-09-12T10:22:53.40Z,47.9080116,2.1742516,1008.122,-16.26,11.54,9.88,0.479,1.030,0.18,144.63125,0.74338,3,15
2026-09-12T10:22:53.50Z,47.9079969,2.1742664,1007.103,-16.61,10.77,10.34,0.480,1.032,0.18,147.04864,0.74553,3,15
2026-09-12T10:22:53.60Z,47.9079818,2.1742802,1006.041,-17.03,9.99,10.87,0.481,1.034,0.19,149.59968,0.73881,3,15
2026-09-12T10:22:53.70Z,47.9079663,2.1742930,1004.928,-17.35,9.21,11.31,0.482,1.036,0.19,152.03512,0.76048,3,15
2026-09-12T10:22:53.80Z,47.9079506,2.1743048,1003.785,-17.63,8.44,11.62,0.483,1.038,0.20,154.40662,0.76116,3,15
2026-09-12T10:22:53.90Z,47.9079347,2.1743153,1002.581,-17.97,7.43,12.13,0.484,1.040,0.21,157.54138,0.76282,3,15
2026-09-12T10:22:54.00Z,47.9079185,2.1743247,1001.329,-18.13,6.60,12.48,0.484,1.042,0.21,159.99741,0.75752,3,15
2026-09-12T10:22:54.10Z,47.9079021,2.1743328,1000.063,-18.29,5.67,12.83,0.485,1.044,0.22,162.77162,0.80341,3,14
2026-09-12T10:22:54.20Z,47.9078857,2.1743396,998.760,-18.38,4.64,13.23,0.486,1.045,0.23,165.84333,0.75009,3,15
2026-09-12T10:22:54.30Z,47.9078691,2.1743452,997.389,-18.59,3.76,13.69,0.487,1.047,0.24,168.57735,0.79857,3,15
2026-09-12T10:22:54.40Z,47.9078523,2.1743497,996.002,-18.81,2.97,13.86,0.487,1.049,0.24,171.03098,0.78877,3,15
2026-09-12T10:22:54.50Z,47.9078353,2.1743529,994.609,-19.01,2.01,14.10,0.488,1.050,0.24,173.95295,0.75406,3,15
2026-09-12T10:22:54.60Z,47.9078182,2.1743549,993.172,-19.11,1.03,14.36,0.489,1.052,0.24,176.90213,0.74075,3,15
2026-09-12T10:22:54.70Z,47.9078011,2.1743556,991.711,-19.00,0.13,14.57,0.490,1.053,0.24,179.59977,0.70052,3,15
2026-09-12T10:22:54.80Z,47.9077841,2.1743552,990.233,-19.01,-0.70,14.77,0.490,1.055,0.24,182.11711,0.68589,3,15
2026-09-12T10:22:54.90Z,47.9077670,2.1743536,988.726,-19.11,-1.61,15.04,0.491,1.056,0.22,184.81890,0.61584,3,15
2026-09-12T10:22:55.00Z,47.9077498,2.1743507,987.204,-19.15,-2.52,15.20,0.491,1.056,0.21,187.49752,0.58718,3,15
2026-09-12T10:22:55.10Z,47.9077327,2.1743468,985.675,-18.92,-3.23,15.12,0.491,1.058,0.22,189.69966,0.59516,3,15
2026-09-12T10:22:55.20Z,47.9077155,2.1743419,984.157,-19.27,-4.07,15.20,0.492,1.059,0.20,191.91839,0.52671,3,15
2026-09-12T10:22:55.30Z,47.9076978,2.1743357,982.652,-19.95,-5.00,15.21,0.492,1.061,0.20,194.08199,0.48861,3,15
2026-09-12T10:22:55.40Z,47.9076800,2.1743286,981.155,-19.74,-5.71,14.98,0.492,1.062,0.21,196.13083,0.49686,3,15
2026-09-12T10:22:55.50Z,47.9076623,2.1743204,979.679,-19.62,-6.37,14.69,0.492,1.063,0.20,197.97610,0.48332,3,15
2026-09-12T10:22:55.60Z,47.9076447,2.1743114,978.210,-19.77,-7.06,14.46,0.493,1.065,0.22,199.64888,0.48039,3,15
2026-09-12T10:22:55.70Z,47.9076270,2.1743016,976.766,-19.70,-7.67,14.09,0.493,1.066,0.22,201.27627,0.47092,3,15
2026-09-12T10:22:55.80Z,47.9076092,2.1742909,975.360,-19.81,-8.24,13.88,0.493,1.066,0.22,202.57593,0.46110,3,15
2026-09-12T10:22:55.90Z,47.9075915,2.1742794,973.956,-19.89,-8.91,13.76,0.493,1.067,0.22,204.11867,0.45031,3,15
2026-09-12T10:22:56.00Z,47.9075736,2.1742672,972.606,-19.82,-9.41,13.50,0.493,1.068,0.20,205.40044,0.43270,3,15
2026-09-12T10:22:56.10Z,47.9075558,2.1742542,971.270,-19.86,-9.87,13.10,0.493,1.069,0.20,206.41910,0.42728,3,15
2026-09-12T10:22:56.20Z,47.9075380,2.1742407,969.961,-19.92,-10.36,12.62,0.493,1.069,0.20,207.48132,0.42088,3,15
2026-09-12T10:22:56.30Z,47.9075201,2.1742265,968.723,-19.85,-10.93,12.38,0.493,1.070,0.20,208.84803,0.41611,3,15
2026-09-12T10:22:56.40Z,47.9075023,2.1742115,967.492,-19.78,-11.33,12.13,0.493,1.071,0.19,209.81054,0.41210,3,15
2026-09-12T10:22:56.50Z,47.9074845,2.1741960,966.273,-19.87,-11.81,11.92,0.494,1.072,0.19,210.72539,0.40405,3,15
2026-09-12T10:22:56.60Z,47.9074667,2.1741798,965.087,-19.76,-12.29,11.60,0.493,1.072,0.19,211.87951,0.40061,3,15
2026-09-12T10:22:56.70Z,47.9074490,2.1741631,963.964,-19.56,-12.71,11.10,0.493,1.073,0.18,213.00491,0.39883,3,15
2026-09-12T10:22:56.80Z,47.9074315,2.1741458,962.840,-19.48,-13.07,10.94,0.493,1.073,0.18,213.86444,0.39557,3,15
2026-09-12T10:22:56.90Z,47.9074141,2.1741281,961.721,-19.31,-13.41,11.03,0.493,1.074,0.18,214.77467,0.39274,3,15
2026-09-12T10:22:57.00Z,47.9073968,2.1741099,960.618,-19.04,-13.80,10.96,0.493,1.074,0.18,215.93309,0.39191,3,15
2026-09-12T10:22:57.10Z,47.9073798,2.1740912,959.519,-18.82,-14.03,10.86,0.493,1.075,0.18,216.70681,0.39292,3,15
2026-09-12T10:22:57.20Z,47.9073629,2.1740724,958.401,-18.87,-14.21,11.14,0.493,1.075,0.18,216.98422,0.39015,3,15
2026-09-12T10:22:57.30Z,47.9073461,2.1740533,957.294,-18.69,-14.39,11.39,0.493,1.075,0.18,217.59039,0.39005,3,15
2026-09-12T10:22:57.40Z,47.9073294,2.1740338,956.151,-18.44,-14.73,11.27,0.493,1.076,0.18,218.61354,0.38881,3,15
2026-09-12T10:22:57.50Z,47.9073129,2.1740139,955.019,-18.20,-15.07,11.28,0.493,1.076,0.18,219.62551,0.38750,3,15
2026-09-12T10:22:57.60Z,47.9072967,2.1739935,953.887,-18.01,-15.41,11.42,0.493,1.076,0.18,220.54803,0.38523,3,15
2026-09-12T10:22:57.70Z,47.9072806,2.1739727,952.730,-17.79,-15.70,11.58,0.493,1.077,0.19,221.44324,0.40334,3,15
2026-09-12T10:22:57.80Z,47.9072647,2.1739516,951.552,-17.56,-15.82,11.86,0.493,1.077,0.19,222.03218,0.40466,3,15
2026-09-12T10:22:57.90Z,47.9072490,2.1739303,950.354,-17.39,-15.99,12.05,0.492,1.077,0.19,222.60704,0.40705,3,15
2026-09-12T10:22:58.00Z,47.9072335,2.1739087,949.141,-17.21,-16.26,12.19,0.492,1.077,0.19,223.37811,0.40663,3,15
2026-09-12T10:22:58.10Z,47.9072181,2.1738867,947.901,-17.09,-16.56,12.42,0.492,1.077,0.19,224.09372,0.40504,3,15
2026-09-12T10:22:58.20Z,47.9072029,2.1738644,946.641,-16.90,-16.87,12.63,0.492,1.076,0.19,224.94584,0.40429,3,15
2026-09-12T10:22:58.30Z,47.9071879,2.1738417,945.360,-16.46,-17.03,12.82,0.492,1.076,0.20,225.97550,0.41613,3,15
2026-09-12T10:22:58.40Z,47.9071732,2.1738186,944.049,-16.22,-17.39,13.18,0.491,1.076,0.20,226.98995,0.41407,3,15
2026-09-12T10:22:58.50Z,47.9071588,2.1737951,942.702,-16.01,-17.68,13.39,0.491,1.075,0.20,227.84725,0.41380,3,15
2026-09-12T10:22:58.60Z,47.9071446,2.1737712,941.351,-15.60,-17.99,13.59,0.491,1.075,0.20,229.06363,0.43614,3,15
2026-09-12T10:22:58.70Z,47.9071307,2.1737469,939.972,-15.15,-18.28,13.98,0.491,1.075,0.20,230.36198,0.44937,3,15
2026-09-12T10:22:58.80Z,47.9071172,2.1737222,938.568,-14.85,-18.58,14.17,0.491,1.075,0.20,231.36240,0.44859,3,15
2026-09-12T10:22:58.90Z,47.9071041,2.1736971,937.147,-14.52,-18.90,14.14,0.491,1.074,0.20,232.47040,0.44904,3,15
2026-09-12T10:22:59.00Z,47.9070912,2.1736714,935.722,-14.03,-19.33,14.38,0.490,1.074,0.20,234.02722,0.44970,3,15
2026-09-12T10:22:59.10Z,47.9070788,2.1736453,934.264,-13.64,-19.67,14.43,0.490,1.073,0.20,235.25994,0.45012,3,15
2026-09-12T10:22:59.20Z,47.9070668,2.1736186,932.809,-13.01,-20.07,14.68,0.490,1.073,0.20,237.06085,0.45223,3,15
2026-09-12T10:22:59.30Z,47.9070554,2.1735915,931.322,-12.49,-20.47,14.92,0.490,1.072,0.20,238.61230,0.45265,3,15
2026-09-12T10:22:59.40Z,47.9070444,2.1735638,929.826,-12.05,-20.92,14.99,0.490,1.072,0.20,240.05582,0.45086,3,15
2026-09-12T10:22:59.50Z,47.9070337,2.1735356,928.346,-11.58,-21.08,14.87,0.490,1.072,0.20,241.21205,0.45362,3,15
2026-09-12T10:22:59.60Z,47.9070234,2.1735072,926.844,-11.29,-21.34,15.16,0.490,1.071,0.20,242.11357,0.45266,3,15
2026-09-12T10:22:59.70Z,47.9070135,2.1734784,925.325,-10.91,-21.60,15.13,0.490,1.071,0.20,243.20733,0.45262,3,15
2026-09-12T10:22:59.80Z,47.9070039,2.1734493,923.809,-10.43,-21.83,14.97,0.489,1.071,0.20,244.47400,0.45393,3,15
2026-09-12T10:22:59.90Z,47.9069947,2.1734198,922.328,-9.96,-22.14,14.78,0.489,1.070,0.20,245.78276,0.42714,3,15
2026-09-12T10:23:00.00Z,47.9069859,2.1733901,920.863,-9.75,-22.22,14.56,0.489,1.070,0.20,246.30393,0.42753,3,15
2026-09-12T10:23:00.10Z,47.9069773,2.1733602,919.392,-9.50,-22.41,14.59,0.489,1.069,0.20,247.02342,0.42657,3,15
2026-09-12T10:23:00.20Z,47.9069689,2.1733300,917.925,-9.09,-22.63,14.51,0.489,1.069,0.20,248.10952,0.42606,3,15
2026-09-12T10:23:00.30Z,47.9069608,2.1732994,916.476,-8.94,-22.89,14.31,0.489,1.069,0.20,248.66745,0.42311,3,15
2026-09-12T10:23:00.40Z,47.9069528,2.1732686,915.030,-8.79,-23.05,14.26,0.488,1.068,0.19,249.13149,0.40826,3,15
2026-09-12T10:23:00.50Z,47.9069451,2.1732376,913.592,-8.55,-23.35,14.30,0.488,1.068,0.19,249.88521,0.39162,3,15
2026-09-12T10:23:00.60Z,47.9069374,2.1732062,912.161,-8.45,-23.50,14.08,0.488,1.067,0.19,250.21382,0.37340,3,15
2026-09-12T10:23:00.70Z,47.9069300,2.1731746,910.758,-8.24,-23.73,14.11,0.488,1.067,0.19,250.85290,0.37129,3,15
2026-09-12T10:23:00.80Z,47.9069226,2.1731427,909.348,-8.18,-24.01,13.87,0.487,1.066,0.19,251.19029,0.35137,3,15
2026-09-12T10:23:00.90Z,47.9069154,2.1731105,907.973,-7.97,-24.16,13.59,0.487,1.065,0.18,251.74185,0.35020,3,15
2026-09-12T10:23:01.00Z,47.9069084,2.1730781,906.614,-7.67,-24.33,13.54,0.487,1.065,0.18,252.50535,0.34932,3,15
2026-09-12T10:23:01.10Z,47.9069016,2.1730455,905.245,-7.58,-24.49,13.52,0.486,1.064,0.18,252.79579,0.34749,3,15
2026-09-12T10:23:01.20Z,47.9068949,2.1730125,903.898,-7.26,-24.68,13.48,0.486,1.063,0.18,253.60371,0.34630,3,15
2026-09-12T10:23:01.30Z,47.9068886,2.1729795,902.559,-6.97,-24.77,13.35,0.486,1.063,0.18,254.27469,0.34611,3,15
2026-09-12T10:23:01.40Z,47.9068824,2.1729463,901.232,-6.68,-24.81,13.10,0.485,1.062,0.18,254.93107,0.34655,3,15
2026-09-12T10:23:01.50Z,47.9068766,2.1729130,899.919,-6.37,-24.99,13.08,0.485,1.061,0.18,255.70584,0.34530,3,15
2026-09-12T10:23:01.60Z,47.9068709,2.1728794,898.625,-6.19,-25.20,12.99,0.485,1.060,0.18,256.20462,0.34312,3,15
2026-09-12T10:23:01.70Z,47.9068655,2.1728456,897.323,-5.97,-25.26,12.86,0.484,1.060,0.18,256.69269,0.35125,3,15
2026-09-12T10:23:01.80Z,47.9068603,2.1728117,896.046,-5.72,-25.29,12.60,0.484,1.059,0.18,257.24420,0.37121,3,15
2026-09-12T10:23:01.90Z,47.9068553,2.1727778,894.783,-5.26,-25.40,12.37,0.484,1.058,0.18,258.29069,0.37122,3,15
2026-09-12T10:23:02.00Z,47.9068509,2.1727438,893.524,-4.77,-25.39,12.56,0.484,1.058,0.18,259.36983,0.37306,3,15
2026-09-12T10:23:02.10Z,47.9068467,2.1727096,892.263,-4.58,-25.66,12.61,0.483,1.057,0.18,259.87692,0.36989,3,15
2026-09-12T10:23:02.20Z,47.9068426,2.1726753,891.021,-4.42,-25.62,12.23,0.483,1.057,0.18,260.21787,0.37102,3,15
2026-09-12T10:23:02.30Z,47.9068389,2.1726410,889.807,-4.02,-25.67,12.04,0.483,1.056,0.18,261.10561,0.37128,3,15
2026-09-12T10:23:02.40Z,47.9068356,2.1726066,888.596,-3.42,-25.66,11.95,0.483,1.056,0.18,262.40588,0.37308,3,15
2026-09-12T10:23:02.50Z,47.9068327,2.1725724,887.393,-2.90,-25.57,12.01,0.483,1.055,0.18,263.51885,0.37556,3,15
2026-09-12T10:23:02.60Z,47.9068302,2.1725380,886.186,-2.73,-25.76,12.17,0.482,1.055,0.18,263.94389,0.39357,3,15
2026-09-12T10:23:02.70Z,47.9068279,2.1725036,884.981,-2.61,-25.62,11.80,0.482,1.054,0.18,264.17751,0.40701,3,15
2026-09-12T10:23:02.80Z,47.9068257,2.1724694,883.800,-2.28,-25.61,11.61,0.482,1.054,0.18,264.91824,0.40695,3,15
2026-09-12T10:23:02.90Z,47.9068239,2.1724351,882.634,-1.82,-25.61,11.60,0.482,1.053,0.18,265.92770,0.40779,3,15
2026-09-12T10:23:03.00Z,47.9068224,2.1724008,881.476,-1.48,-25.59,11.52,0.482,1.053,0.18,266.68740,0.40864,3,15
2026-09-12T10:23:03.10Z,47.9068212,2.1723666,880.323,-1.16,-25.55,11.32,0.481,1.052,0.18,267.39240,0.41002,3,15
2026-09-12T10:23:03.20Z,47.9068204,2.1723324,879.188,-0.82,-25.59,11.16,0.481,1.052,0.18,268.16339,0.40888,3,15
2026-09-12T10:23:03.30Z,47.9068197,2.1722981,878.070,-0.57,-25.51,11.06,0.481,1.051,0.18,268.72453,0.41038,3,15
2026-09-12T10:23:03.40Z,47.9068194,2.1722640,876.963,-0.20,-25.52,11.02,0.481,1.051,0.18,269.55375,0.41037,3,15
2026-09-12T10:23:03.50Z,47.9068194,2.1722298,875.872,0.02,-25.51,10.77,0.481,1.050,0.18,270.04591,0.41056,3,15
2026-09-12T10:23:03.60Z,47.9068195,2.1721958,874.800,0.22,-25.42,10.66,0.480,1.050,0.18,270.50691,0.41201,3,15
2026-09-12T10:23:03.70Z,47.9068198,2.1721618,873.731,0.32,-25.38,10.53,0.480,1.049,0.18,270.72374,0.40045,3,15
2026-09-12T10:23:03.80Z,47.9068202,2.1721278,872.669,0.51,-25.41,10.48,0.480,1.048,0.18,271.14321,0.36474,3,15
2026-09-12T10:23:03.90Z,47.9068207,2.1720938,871.639,0.61,-25.40,10.45,0.479,1.046,0.18,271.36722,0.36159,3,15
2026-09-12T10:23:04.00Z,47.9068212,2.1720599,870.587,0.63,-25.27,10.32,0.479,1.045,0.18,271.42330,0.36337,3,15
2026-09-12T10:23:04.10Z,47.9068218,2.1720261,869.553,0.73,-25.15,10.31,0.478,1.044,0.18,271.66885,0.36597,3,15
2026-09-12T10:23:04.20Z,47.9068225,2.1719924,868.528,0.68,-25.19,10.29,0.478,1.042,0.18,271.55200,0.36552,3,15
2026-09-12T10:23:04.30Z,47.9068231,2.1719588,867.504,0.71,-25.04,10.15,0.478,1.041,0.18,271.61364,0.36764,3,15
2026-09-12T10:23:04.40Z,47.9068238,2.1719253,866.482,0.75,-25.01,10.12,0.477,1.040,0.18,271.72449,0.36799,3,15
2026-09-12T10:23:04.50Z,47.9068244,2.1718918,865.461,0.65,-25.00,10.25,0.477,1.038,0.18,271.47824,0.36830,3,15
2026-09-12T10:23:04.60Z,47.9068249,2.1718583,864.444,0.59,-24.99,10.26,0.476,1.037,0.18,271.35010,0.35077,3,15
2026-09-12T10:23:04.70Z,47.9068255,2.1718249,863.414,0.61,-24.92,10.14,0.476,1.036,0.18,271.39532,0.35354,3,15
2026-09-12T10:23:04.80Z,47.9068260,2.1717917,862.398,0.55,-24.79,10.13,0.475,1.035,0.18,271.26739,0.35540,3,15
2026-09-12T10:23:04.90Z,47.9068264,2.1717584,861.386,0.38,-24.90,10.10,0.475,1.033,0.18,270.86540,0.35322,3,15
2026-09-12T10:23:05.00Z,47.9068267,2.1717251,860.380,0.18,-24.85,9.94,0.475,1.032,0.17,270.41337,0.35470,3,15
2026-09-12T10:23:05.10Z,47.9068269,2.1716920,859.369,0.35,-24.71,10.04,0.474,1.031,0.18,270.80452,0.35650,3,15
2026-09-12T10:23:05.20Z,47.9068272,2.1716589,858.355,0.31,-24.74,10.22,0.474,1.030,0.18,270.72688,0.35609,3,15
2026-09-12T10:23:05.30Z,47.9068275,2.1716258,857.326,0.17,-24.73,10.25,0.473,1.029,0.18,270.40492,0.35802,3,15
2026-09-12T10:23:05.40Z,47.9068276,2.1715927,856.302,0.07,-24.73,10.20,0.473,1.029,0.18,270.16241,0.35891,3,15
2026-09-12T10:23:05.50Z,47.9068277,2.1715597,855.286,0.08,-24.52,10.01,0.473,1.028,0.18,270.18228,0.36200,3,15
2026-09-12T10:23:05.60Z,47.9068277,2.1715269,854.272,0.01,-24.54,10.17,0.473,1.028,0.18,270.01680,0.36240,3,15
2026-09-12T10:23:05.70Z,47.9068277,2.1714941,853.258,-0.13,-24.47,10.01,0.472,1.027,0.18,269.68539,0.36358,3,15
2026-09-12T10:23:05.80Z,47.9068276,2.1714615,852.243,-0.13,-24.27,10.17,0.472,1.027,0.18,269.69024,0.36659,3,15
2026-09-12T10:23:05.90Z,47.9068274,2.1714291,851.235,-0.21,-24.22,10.22,0.472,1.026,0.18,269.50561,0.36742,3,15
2026-09-12T10:23:06.00Z,47.9068272,2.1713968,850.215,-0.28,-24.11,10.03,0.472,1.026,0.18,269.33099,0.36914,3,15
2026-09-12T10:23:06.10Z,47.9068270,2.1713646,849.210,-0.40,-23.97,10.06,0.471,1.025,0.18,269.03812,0.37127,3,15
2026-09-12T10:23:06.20Z,47.9068267,2.1713325,848.204,-0.29,-23.95,10.21,0.471,1.025,0.18,269.29772,0.37172,3,15
2026-09-12T10:23:06.30Z,47.9068264,2.1713005,847.184,-0.25,-23.91,10.26,0.471,1.025,0.18,269.39968,0.37291,3,15
2026-09-12T10:23:06.40Z,47.9068262,2.1712686,846.168,-0.29,-23.82,10.16,0.471,1.024,0.18,269.29255,0.37431,3,15
2026-09-12T10:23:06.50Z,47.9068259,2.1712368,845.158,-0.37,-23.81,10.12,0.471,1.024,0.18,269.11105,0.37447,3,15
2026-09-12T10:23:06.60Z,47.9068256,2.1712049,844.129,-0.40,-23.80,10.19,0.471,1.024,0.18,269.03146,0.37461,3,15
2026-09-12T10:23:06.70Z,47.9068252,2.1711731,843.123,-0.49,-23.79,10.27,0.470,1.023,0.18,268.81142,0.39338,3,15
2026-09-12T10:23:06.80Z,47.9068247,2.1711413,842.096,-0.52,-23.71,10.19,0.470,1.023,0.18,268.73441,0.39479,3,15
2026-09-12T10:23:06.90Z,47.9068243,2.1711097,841.074,-0.51,-23.54,10.19,0.470,1.023,0.18,268.76141,0.39835,3,15
2026-09-12T10:23:07.00Z,47.9068238,2.1710782,840.047,-0.53,-23.52,10.35,0.470,1.023,0.18,268.71600,0.39867,3,15
2026-09-12T10:23:07.10Z,47.9068233,2.1710468,839.006,-0.62,-23.52,10.43,0.470,1.023,0.18,268.48816,0.39873,3,15
2026-09-12T10:23:07.20Z,47.9068228,2.1710154,837.979,-0.52,-23.38,10.46,0.470,1.023,0.18,268.71810,0.38219,3,15
2026-09-12T10:23:07.30Z,47.9068223,2.1709842,836.930,-0.63,-23.26,10.38,0.470,1.023,0.18,268.45857,0.38359,3,15
2026-09-12T10:23:07.40Z,47.9068217,2.1709530,835.890,-0.63,-23.32,10.62,0.470,1.022,0.18,268.45019,0.38265,3,15
2026-09-12T10:23:07.50Z,47.9068211,2.1709219,834.826,-0.69,-23.23,10.62,0.469,1.022,0.18,268.30912,0.38403,3,15
2026-09-12T10:23:07.60Z,47.9068205,2.1708908,833.769,-0.75,-23.21,10.68,0.469,1.022,0.18,268.14967,0.38464,3,15
2026-09-12T10:23:07.70Z,47.9068198,2.1708598,832.706,-0.84,-23.25,10.73,0.469,1.022,0.18,267.92665,0.38403,3,15
2026-09-12T10:23:07.80Z,47.9068191,2.1708287,831.630,-0.83,-23.23,10.77,0.469,1.022,0.18,267.95232,0.38431,3,15
2026-09-12T10:23:07.90Z,47.9068183,2.1707976,830.539,-0.79,-23.21,10.98,0.469,1.022,0.18,268.04333,0.38423,3,15
2026-09-12T10:23:08.00Z,47.9068176,2.1707666,829.435,-0.79,-23.21,11.34,0.469,1.021,0.18,268.04989,0.38351,3,15
2026-09-12T10:23:08.10Z,47.9068169,2.1707356,828.298,-0.91,-23.11,11.38,0.469,1.021,0.18,267.74076,0.38495,3,15
2026-09-12T10:23:08.20Z,47.9068160,2.1707046,827.165,-1.04,-23.15,11.61,0.469,1.021,0.19,267.42910,0.38429,3,15
2026-09-12T10:23:08.30Z,47.9068150,2.1706736,825.999,-1.28,-23.26,11.73,0.469,1.020,0.19,266.83977,0.38215,3,15
2026-09-12T10:23:08.40Z,47.9068138,2.1706425,824.843,-1.28,-23.18,11.74,0.468,1.020,0.19,266.83732,0.38365,3,15
2026-09-12T10:23:08.50Z,47.9068127,2.1706115,823.673,-1.24,-23.16,11.66,0.468,1.020,0.19,266.93514,0.38389,3,15
2026-09-12T10:23:08.60Z,47.9068116,2.1705805,822.506,-1.31,-23.27,11.76,0.468,1.020,0.19,266.77303,0.38249,3,15
2026-09-12T10:23:08.70Z,47.9068104,2.1705494,821.326,-1.44,-23.23,11.92,0.468,1.019,0.19,266.44354,0.38341,3,15
2026-09-12T10:23:08.80Z,47.9068090,2.1705183,820.141,-1.62,-23.28,11.90,0.468,1.019,0.19,266.01252,0.38247,3,15
2026-09-12T10:23:08.90Z,47.9068074,2.1704872,818.965,-1.96,-23.24,11.67,0.468,1.019,0.19,265.16862,0.38947,3,15
2026-09-12T10:23:09.00Z,47.9068056,2.1704562,817.797,-2.09,-23.20,11.71,0.468,1.019,0.19,264.86321,0.38992,3,15
2026-09-12T10:23:09.10Z,47.9068037,2.1704252,816.611,-2.19,-23.14,11.82,0.468,1.019,0.19,264.59216,0.39090,3,15
2026-09-12T10:23:09.20Z,47.9068016,2.1703943,815.441,-2.48,-23.09,11.73,0.468,1.019,0.19,263.87539,0.39174,3,15
2026-09-12T10:23:09.30Z,47.9067993,2.1703634,814.273,-2.63,-23.06,11.59,0.468,1.019,0.19,263.48453,0.39204,3,15
2026-09-12T10:23:09.40Z,47.9067970,2.1703327,813.110,-2.74,-22.98,11.55,0.468,1.019,0.19,263.20577,0.38592,3,15
2026-09-12T10:23:09.50Z,47.9067943,2.1703019,811.940,-3.07,-23.01,11.77,0.468,1.019,0.19,262.40336,0.38491,3,15
2026-09-12T10:23:09.60Z,47.9067914,2.1702711,810.764,-3.51,-23.03,11.77,0.468,1.019,0.19,261.33944,0.38337,3,15
2026-09-12T10:23:09.70Z,47.9067882,2.1702403,809.591,-3.72,-23.00,11.59,0.468,1.019,0.19,260.82069,0.38319,3,15
2026-09-12T10:23:09.80Z,47.9067847,2.1702095,808.418,-4.00,-23.06,11.70,0.468,1.019,0.19,260.14899,0.38189,3,15
2026-09-12T10:23:09.90Z,47.9067809,2.1701787,807.233,-4.38,-23.02,11.79,0.468,1.020,0.19,259.23050,0.38143,3,15
2026-09-12T10:23:10.00Z,47.9067768,2.1701479,806.050,-4.74,-23.03,11.76,0.468,1.020,0.19,258.37272,0.38004,3,15
2026-09-12T10:23:10.10Z,47.9067725,2.1701170,804.887,-4.94,-23.05,11.55,0.468,1.020,0.18,257.91199,0.37963,3,15
2026-09-12T10:23:10.20Z,47.9067680,2.1700862,803.722,-5.13,-23.03,11.46,0.468,1.020,0.19,257.44253,0.37955,3,15
2026-09-12T10:23:10.30Z,47.9067632,2.1700554,802.562,-5.50,-23.00,11.58,0.468,1.021,0.19,256.55210,0.37851,3,15
2026-09-12T10:23:10.40Z,47.9067581,2.1700246,801.390,-5.94,-23.13,11.73,0.468,1.022,0.19,255.58579,0.37619,3,15
2026-09-12T10:23:10.50Z,47.9067527,2.1699937,800.227,-6.14,-23.12,11.54,0.468,1.023,0.19,255.13310,0.37531,3,15
2026-09-12T10:23:10.60Z,47.9067471,2.1699629,799.062,-6.32,-22.95,11.46,0.468,1.024,0.19,254.60959,0.37720,3,15
2026-09-12T10:23:10.70Z,47.9067414,2.1699322,797.901,-6.46,-22.89,11.36,0.468,1.025,0.19,254.23919,0.37747,3,15
2026-09-12T10:23:10.80Z,47.9067355,2.1699017,796.735,-6.74,-22.82,11.65,0.469,1.026,0.19,253.53889,0.37725,3,15
2026-09-12T10:23:10.90Z,47.9067293,2.1698712,795.555,-7.07,-22.80,11.59,0.469,1.028,0.19,252.76210,0.37605,3,15
2026-09-12T10:23:11.00Z,47.9067229,2.1698408,794.393,-7.25,-22.72,11.43,0.469,1.029,0.19,252.30340,0.37621,3,15
2026-09-12T10:23:11.10Z,47.9067163,2.1698104,793.224,-7.44,-22.74,11.49,0.469,1.030,0.19,251.88849,0.37499,3,15
2026-09-12T10:23:11.20Z,47.9067095,2.1697800,792.074,-7.64,-22.76,11.36,0.470,1.031,0.19,251.44430,0.37294,3,15
2026-09-12T10:23:11.30Z,47.9067026,2.1697496,790.928,-7.74,-22.76,11.36,0.470,1.033,0.19,251.20850,0.37244,3,15
2026-09-12T10:23:11.40Z,47.9066956,2.1697192,789.760,-8.04,-22.74,11.59,0.470,1.034,0.19,250.53437,0.37110,3,15
2026-09-12T10:23:11.50Z,47.9066882,2.1696889,788.583,-8.38,-22.72,11.65,0.470,1.035,0.19,249.75116,0.36972,3,15
2026-09-12T10:23:11.60Z,47.9066806,2.1696585,787.410,-8.58,-22.67,11.58,0.471,1.037,0.19,249.26095,0.36966,3,15
2026-09-12T10:23:11.70Z,47.9066728,2.1696283,786.257,-8.86,-22.53,11.26,0.471,1.038,0.19,248.53118,0.37004,3,15
2026-09-12T10:23:11.80Z,47.9066648,2.1695983,785.121,-8.98,-22.42,11.19,0.471,1.040,0.19,248.17189,0.37062,3,15
2026-09-12T10:23:11.90Z,47.9066566,2.1695683,783.978,-9.30,-22.48,11.47,0.471,1.041,0.19,247.52755,0.36785,3,15
2026-09-12T10:23:12.00Z,47.9066481,2.1695383,782.829,-9.59,-22.34,11.36,0.472,1.043,0.19,246.77552,0.36808,3,15
2026-09-12T10:23:12.10Z,47.9066394,2.1695085,781.692,-9.81,-22.24,11.24,0.472,1.045,0.19,246.19131,0.36825,3,15
2026-09-12T10:23:12.20Z,47.9066305,2.1694788,780.568,-10.02,-22.27,11.21,0.472,1.046,0.19,245.76739,0.36632,3,15
2026-09-12T10:23:12.30Z,47.9066214,2.1694491,779.441,-10.24,-22.14,11.22,0.473,1.048,0.18,245.19097,0.36604,3,15
2026-09-12T10:23:12.40Z,47.9066120,2.1694195,778.316,-10.56,-22.06,11.22,0.473,1.049,0.18,244.43189,0.36499,3,15
2026-09-12T10:23:12.50Z,47.9066025,2.1693900,777.194,-10.73,-21.99,11.18,0.473,1.051,0.18,243.98315,0.36537,3,15
2026-09-12T10:23:12.60Z,47.9065927,2.1693608,776.049,-10.97,-21.83,11.33,0.473,1.052,0.18,243.31738,0.36588,3,15
2026-09-12T10:23:12.70Z,47.9065827,2.1693317,774.911,-11.24,-21.64,11.33,0.474,1.054,0.18,242.54487,0.36656,3,15
2026-09-12T10:23:12.80Z,47.9065726,2.1693029,773.767,-11.44,-21.47,11.31,0.474,1.055,0.18,241.94694,0.36746,3,15
2026-09-12T10:23:12.90Z,47.9065622,2.1692743,772.632,-11.61,-21.34,11.25,0.474,1.057,0.18,241.45001,0.36729,3,15
2026-09-12T10:23:13.00Z,47.9065517,2.1692459,771.498,-11.83,-21.21,11.26,0.475,1.058,0.18,240.85213,0.36735,3,15
2026-09-12T10:23:13.10Z,47.9065410,2.1692177,770.352,-12.04,-21.03,11.39,0.475,1.060,0.18,240.21937,0.36820,3,15
2026-09-12T10:23:13.20Z,47.9065302,2.1691897,769.200,-12.14,-20.93,11.26,0.475,1.062,0.19,239.88027,0.36987,3,15
2026-09-12T10:23:13.30Z,47.9065191,2.1691619,768.054,-12.46,-20.78,11.36,0.475,1.063,0.19,239.05432,0.36943,3,15
2026-09-12T10:23:13.40Z,47.9065078,2.1691341,766.898,-12.69,-20.73,11.54,0.476,1.065,0.19,238.53447,0.36829,3,15
2026-09-12T10:23:13.50Z,47.9064963,2.1691065,765.754,-12.90,-20.64,11.36,0.476,1.067,0.19,237.99547,0.36763,3,15
2026-09-12T10:23:13.60Z,47.9064846,2.1690790,764.618,-13.10,-20.48,11.36,0.477,1.068,0.19,237.38289,0.36808,3,15
2026-09-12T10:23:13.70Z,47.9064727,2.1690517,763.458,-13.51,-20.43,11.49,0.477,1.070,0.19,236.52539,0.36409,3,15
2026-09-12T10:23:13.80Z,47.9064604,2.1690245,762.304,-13.75,-20.21,11.55,0.477,1.071,0.18,235.76906,0.36412,3,15
2026-09-12T10:23:13.90Z,47.9064479,2.1689976,761.146,-13.99,-20.03,11.53,0.477,1.073,0.18,235.07634,0.36437,3,15
2026-09-12T10:23:14.00Z,47.9064353,2.1689709,759.972,-14.17,-19.90,11.70,0.478,1.074,0.18,234.55103,0.36438,3,15
2026-09-12T10:23:14.10Z,47.9064224,2.1689444,758.802,-14.27,-19.81,11.82,0.478,1.076,0.18,234.23238,0.36465,3,15
2026-09-12T10:23:14.20Z,47.9064095,2.1689180,757.608,-14.62,-19.66,11.75,0.478,1.077,0.19,233.35244,0.36377,3,15
2026-09-12T10:23:14.30Z,47.9063962,2.1688920,756.414,-14.90,-19.37,11.68,0.479,1.079,0.19,232.42437,0.36469,3,15
2026-09-12T10:23:14.40Z,47.9063827,2.1688661,755.250,-15.03,-19.29,11.66,0.479,1.080,0.19,232.07700,0.36432,3,15
2026-09-12T10:23:14.50Z,47.9063691,2.1688404,754.060,-15.35,-19.16,11.82,0.479,1.081,0.19,231.29969,0.36299,3,15
2026-09-12T10:23:14.60Z,47.9063552,2.1688150,752.865,-15.66,-18.96,11.79,0.479,1.082,0.19,230.45114,0.36247,3,15
2026-09-12T10:23:14.70Z,47.9063410,2.1687898,751.664,-15.85,-18.83,11.79,0.479,1.083,0.19,229.91376,0.36220,3,15
2026-09-12T10:23:14.80Z,47.9063267,2.1687649,750.464,-16.18,-18.56,11.93,0.480,1.085,0.19,228.91799,0.36206,3,15
2026-09-12T10:23:14.90Z,47.9063120,2.1687402,749.253,-16.51,-18.34,12.05,0.480,1.086,0.18,228.01761,0.36133,3,15
2026-09-12T10:23:15.00Z,47.9062969,2.1687159,748.059,-16.85,-17.98,11.90,0.480,1.087,0.18,226.85577,0.36214,3,15
2026-09-12T10:23:15.10Z,47.9062816,2.1686920,746.862,-17.18,-17.78,11.90,0.480,1.088,0.18,225.98102,0.36290,3,14
2026-09-12T10:23:15.20Z,47.9062661,2.1686686,745.642,-17.52,-17.41,12.02,0.480,1.090,0.18,224.82413,0.36360,3,14
2026-09-12T10:23:15.30Z,47.9062502,2.1686456,744.422,-17.80,-17.10,12.05,0.481,1.091,0.18,223.84510,0.36212,3,14
2026-09-12T10:23:15.40Z,47.9062341,2.1686229,743.175,-18.04,-17.02,12.13,0.481,1.091,0.18,223.34000,0.35216,3,14
2026-09-12T10:23:15.50Z,47.9062178,2.1686005,741.934,-18.32,-16.56,12.22,0.480,1.091,0.18,222.09800,0.35344,3,14
2026-09-12T10:23:15.60Z,47.9062011,2.1685787,740.692,-18.68,-16.17,12.30,0.480,1.090,0.17,220.88387,0.35298,3,14
2026-09-12T10:23:15.70Z,47.9061841,2.1685576,739.432,-19.12,-15.61,12.33,0.480,1.090,0.17,219.22179,0.35322,3,14
2026-09-12T10:23:15.80Z,47.9061668,2.1685373,738.179,-19.44,-14.96,12.32,0.479,1.090,0.17,217.57939,0.35511,3,14
2026-09-12T10:23:15.90Z,47.9061491,2.1685177,736.903,-19.83,-14.53,12.46,0.479,1.089,0.17,216.24267,0.34472,3,14
2026-09-12T10:23:16.00Z,47.9061311,2.1684986,735.642,-20.16,-14.04,12.50,0.479,1.088,0.17,214.86136,0.34405,3,15
2026-09-12T10:23:16.10Z,47.9061128,2.1684803,734.378,-20.51,-13.46,12.50,0.478,1.086,0.17,213.28660,0.32832,3,15
2026-09-12T10:23:16.20Z,47.9060942,2.1684629,733.082,-20.88,-12.78,12.81,0.477,1.085,0.18,211.48054,0.32744,3,15
2026-09-12T10:23:16.30Z,47.9060752,2.1684463,731.758,-21.27,-12.13,13.07,0.477,1.083,0.18,209.69389,0.32561,3,15
2026-09-12T10:23:16.40Z,47.9060560,2.1684307,730.416,-21.49,-11.47,13.20,0.477,1.082,0.18,208.08148,0.34594,3,15
2026-09-12T10:23:16.50Z,47.9060366,2.1684159,729.039,-21.77,-10.89,13.57,0.476,1.081,0.18,206.58219,0.35610,3,15
2026-09-12T10:23:16.60Z,47.9060168,2.1684021,727.640,-22.08,-9.99,13.96,0.476,1.080,0.18,204.34485,0.35569,3,15
2026-09-12T10:23:16.70Z,47.9059969,2.1683893,726.199,-22.33,-9.31,14.19,0.475,1.078,0.18,202.62039,0.35251,3,15
2026-09-12T10:23:16.80Z,47.9059766,2.1683775,724.745,-22.64,-8.46,14.72,0.475,1.076,0.18,200.48185,0.35997,3,15
2026-09-12T10:23:16.90Z,47.9059562,2.1683669,723.259,-22.80,-7.44,15.09,0.474,1.075,0.18,198.07678,0.35991,3,15
2026-09-12T10:23:17.00Z,47.9059355,2.1683576,721.731,-23.04,-6.53,15.24,0.474,1.073,0.18,195.81708,0.35802,3,15
2026-09-12T10:23:17.10Z,47.9059147,2.1683496,720.182,-23.24,-5.65,15.55,0.473,1.071,0.18,193.66949,0.35609,3,15
2026-09-12T10:23:17.20Z,47.9058937,2.1683427,718.611,-23.36,-4.77,15.94,0.473,1.068,0.18,191.54338,0.34975,3,15
2026-09-12T10:23:17.30Z,47.9058727,2.1683370,717.006,-23.40,-3.75,16.42,0.472,1.066,0.19,189.09292,0.35725,3,15
2026-09-12T10:23:17.40Z,47.9058516,2.1683327,715.369,-23.39,-2.66,16.75,0.472,1.064,0.19,186.47901,0.36765,3,15
2026-09-12T10:23:17.50Z,47.9058304,2.1683298,713.711,-23.42,-1.53,16.99,0.472,1.062,0.19,183.74312,0.36456,3,15
2026-09-12T10:23:17.60Z,47.9058093,2.1683283,712.029,-23.36,-0.58,17.48,0.471,1.059,0.19,181.41182,0.34621,3,15
2026-09-12T10:23:17.70Z,47.9057883,2.1683282,710.307,-23.25,0.50,17.66,0.471,1.056,0.19,178.77525,0.34313,3,15
2026-09-12T10:23:17.80Z,47.9057674,2.1683295,708.538,-23.19,1.64,18.02,0.470,1.054,0.19,175.95034,0.33949,3,15
2026-09-12T10:23:17.90Z,47.9057466,2.1683325,706.744,-22.94,2.82,18.57,0.470,1.051,0.19,172.98881,0.34145,3,15
2026-09-12T10:23:18.00Z,47.9057260,2.1683370,704.921,-22.66,4.05,18.68,0.469,1.048,0.19,169.86800,0.33471,3,15
2026-09-12T10:23:18.10Z,47.9057056,2.1683432,703.055,-22.59,5.22,18.86,0.469,1.045,0.19,167.00092,0.32975,3,15
2026-09-12T10:23:18.20Z,47.9056853,2.1683509,701.154,-22.30,6.26,19.51,0.468,1.042,0.19,164.33013,0.32826,3,15
2026-09-12T10:23:18.30Z,47.9056654,2.1683600,699.231,-21.86,7.44,19.76,0.468,1.039,0.19,161.20723,0.32624,3,15
2026-09-12T10:23:18.40Z,47.9056459,2.1683708,697.273,-21.53,8.65,19.67,0.467,1.036,0.18,158.10603,0.31882,3,15
2026-09-12T10:23:18.50Z,47.9056267,2.1683831,695.286,-21.02,9.76,19.87,0.467,1.033,0.18,155.08824,0.31016,3,15
2026-09-12T10:23:18.60Z,47.9056080,2.1683969,693.282,-20.45,10.88,20.35,0.466,1.029,0.18,151.97379,0.30866,3,15
2026-09-12T10:23:18.70Z,47.9055899,2.1684124,691.258,-19.95,12.19,20.29,0.466,1.026,0.18,148.56976,0.31173,3,15
2026-09-12T10:23:18.80Z,47.9055722,2.1684294,689.246,-19.27,13.28,20.28,0.466,1.023,0.19,145.43261,0.32102,3,15
2026-09-12T10:23:18.90Z,47.9055551,2.1684479,687.205,-18.63,14.33,20.40,0.465,1.019,0.19,142.42629,0.31888,3,15
2026-09-12T10:23:19.00Z,47.9055387,2.1684681,685.152,-17.95,15.66,20.33,0.465,1.016,0.19,138.90363,0.31483,3,15
2026-09-12T10:23:19.10Z,47.9055228,2.1684898,683.118,-17.38,16.78,20.00,0.465,1.012,0.19,136.00273,0.30752,3,15
2026-09-12T10:23:19.20Z,47.9055073,2.1685129,681.095,-17.17,17.68,20.02,0.464,1.009,0.19,134.15811,0.30236,3,15
2026-09-12T10:23:19.30Z,47.9054921,2.1685372,679.085,-16.75,18.53,19.71,0.464,1.006,0.19,132.10976,0.29967,3,15
2026-09-12T10:23:19.40Z,47.9054773,2.1685626,677.121,-16.26,19.38,19.50,0.463,1.002,0.18,130.00480,0.29234,3,15
2026-09-12T10:23:19.50Z,47.9054629,2.1685891,675.188,-15.77,20.21,19.13,0.463,0.999,0.17,127.95377,0.29064,3,15
2026-09-12T10:23:19.60Z,47.9054488,2.1686167,673.294,-15.43,20.96,18.36,0.463,0.996,0.17,126.36676,0.28688,3,15
2026-09-12T10:23:19.70Z,47.9054351,2.1686452,671.469,-15.01,21.56,18.09,0.462,0.993,0.17,124.84950,0.28601,3,15
2026-09-12T10:23:19.80Z,47.9054217,2.1686745,669.681,-14.76,22.29,17.60,0.462,0.991,0.17,123.51314,0.28271,3,15
2026-09-12T10:23:19.90Z,47.9054086,2.1687046,667.956,-14.42,22.78,16.54,0.461,0.988,0.17,122.32777,0.28281,3,15
2026-09-12T10:23:20.00Z,47.9053958,2.1687356,666.310,-14.17,23.39,16.20,0.461,0.985,0.18,121.21881,0.27989,3,15
2026-09-12T10:23:20.10Z,47.9053831,2.1687672,664.718,-13.94,23.85,15.69,0.461,0.982,0.18,120.29877,0.27748,3,15
2026-09-12T10:23:20.20Z,47.9053707,2.1687994,663.188,-13.76,24.28,14.72,0.460,0.979,0.18,119.54194,0.28023,3,15
2026-09-12T10:23:20.30Z,47.9053583,2.1688321,661.753,-13.63,24.60,14.08,0.460,0.977,0.17,118.98900,0.28087,3,15
2026-09-12T10:23:20.40Z,47.9053462,2.1688654,660.362,-13.37,25.14,13.54,0.460,0.975,0.16,117.99360,0.28087,3,15
2026-09-12T10:23:20.50Z,47.9053342,2.1688992,659.027,-13.34,25.40,12.97,0.459,0.973,0.15,117.70459,0.27214,3,15
2026-09-12T10:23:20.60Z,47.9053222,2.1689333,657.751,-13.24,25.51,12.39,0.459,0.972,0.15,117.43440,0.28303,3,15
2026-09-12T10:23:20.70Z,47.9053104,2.1689675,656.533,-13.02,25.60,11.75,0.459,0.971,0.15,116.95081,0.28384,3,15
2026-09-12T10:23:20.80Z,47.9052986,2.1690019,655.371,-13.28,25.71,11.25,0.459,0.970,0.15,117.31539,0.28670,3,15
2026-09-12T10:23:20.90Z,47.9052867,2.1690362,654.273,-13.28,25.55,10.49,0.458,0.969,0.15,117.47003,0.28793,3,15
2026-09-12T10:23:21.00Z,47.9052748,2.1690704,653.240,-13.22,25.50,9.89,0.458,0.968,0.15,117.39761,0.29890,3,15
2026-09-12T10:23:21.10Z,47.9052628,2.1691045,652.263,-13.32,25.54,9.33,0.458,0.968,0.15,117.54731,0.29729,3,15
2026-09-12T10:23:21.20Z,47.9052508,2.1691386,651.329,-13.52,25.35,8.75,0.457,0.967,0.15,118.07194,0.30279,3,15
2026-09-12T10:23:21.30Z,47.9052385,2.1691724,650.476,-13.85,25.15,8.14,0.457,0.967,0.14,118.84374,0.30805,3,15
2026-09-12T10:23:21.40Z,47.9052260,2.1692059,649.682,-13.97,24.94,7.58,0.457,0.967,0.15,119.25392,0.31347,3,15
2026-09-12T10:23:21.50Z,47.9052134,2.1692392,648.925,-14.23,24.73,7.20,0.457,0.967,0.15,119.91224,0.31687,3,15
2026-09-12T10:23:21.60Z,47.9052004,2.1692719,648.198,-14.67,24.23,6.91,0.456,0.967,0.15,121.19180,0.31424,3,15
2026-09-12T10:23:21.70Z,47.9051870,2.1693039,647.537,-15.25,23.50,6.04,0.456,0.967,0.15,122.97791,0.31812,3,15
2026-09-12T10:23:21.80Z,47.9051730,2.1693348,646.926,-15.81,22.84,5.99,0.456,0.967,0.15,124.69374,0.35032,3,15
2026-09-12T10:23:21.90Z,47.9051586,2.1693652,646.315,-16.19,22.49,6.17,0.456,0.968,0.16,125.75188,0.36733,3,15
2026-09-12T10:23:22.00Z,47.9051440,2.1693949,645.709,-16.43,21.92,5.71,0.456,0.969,0.16,126.85263,0.38253,3,15
2026-09-12T10:23:22.10Z,47.9051290,2.1694236,645.173,-16.82,21.06,5.16,0.456,0.970,0.16,128.60694,0.38960,3,15
2026-09-12T10:23:22.20Z,47.9051137,2.1694513,644.646,-17.31,20.36,5.18,0.456,0.972,0.16,130.37941,0.39882,3,15
2026-09-12T10:23:22.30Z,47.9050980,2.1694782,644.109,-17.76,19.81,5.31,0.456,0.973,0.16,131.87010,0.40098,3,15
2026-09-12T10:23:22.40Z,47.9050819,2.1695042,643.589,-18.10,19.11,5.10,0.457,0.974,0.16,133.43724,0.40559,3,15
2026-09-12T10:23:22.50Z,47.9050655,2.1695294,643.087,-18.38,18.43,4.83,0.457,0.975,0.16,134.91899,0.43433,3,15
2026-09-12T10:23:22.60Z,47.9050488,2.1695534,642.619,-18.87,17.50,4.55,0.457,0.977,0.16,137.15090,0.44209,3,15
2026-09-12T10:23:22.70Z,47.9050317,2.1695763,642.141,-19.30,16.63,4.76,0.458,0.978,0.16,139.25526,0.42055,3,15
2026-09-12T10:23:22.80Z,47.9050142,2.1695981,641.659,-19.61,16.07,4.88,0.458,0.980,0.16,140.66102,0.42140,3,15
2026-09-12T10:23:22.90Z,47.9049965,2.1696191,641.163,-19.90,15.31,4.94,0.458,0.981,0.16,142.42993,0.42157,3,15
2026-09-12T10:23:23.00Z,47.9049785,2.1696391,640.673,-20.18,14.51,4.73,0.458,0.982,0.16,144.28781,0.42507,3,15
2026-09-12T10:23:23.10Z,47.9049603,2.1696580,640.199,-20.35,13.78,4.58,0.459,0.983,0.16,145.90383,0.42885,3,15
2026-09-12T10:23:23.20Z,47.9049419,2.1696761,639.722,-20.66,13.21,4.64,0.459,0.984,0.16,147.41522,0.41341,3,15
2026-09-12T10:23:23.30Z,47.9049232,2.1696933,639.235,-20.81,12.51,4.66,0.459,0.985,0.16,148.98480,0.41658,3,15
2026-09-12T10:23:23.40Z,47.9049045,2.1697096,638.762,-20.95,11.89,4.63,0.459,0.986,0.16,150.42069,0.41815,3,15
2026-09-12T10:23:23.50Z,47.9048856,2.1697252,638.311,-21.01,11.41,4.27,0.459,0.987,0.15,151.48609,0.41141,3,15
2026-09-12T10:23:23.60Z,47.9048667,2.1697402,637.890,-21.05,10.98,4.12,0.459,0.988,0.15,152.45520,0.41324,3,15
2026-09-12T10:23:23.70Z,47.9048478,2.1697546,637.481,-21.05,10.53,3.81,0.459,0.989,0.15,153.43479,0.42156,3,15
2026-09-12T10:23:23.80Z,47.9048289,2.1697684,637.104,-20.98,10.16,3.51,0.459,0.989,0.15,154.15396,0.42520,3,15
2026-09-12T10:23:23.90Z,47.9048100,2.1697820,636.778,-20.87,10.11,3.18,0.459,0.990,0.15,154.15397,0.41064,3,15
2026-09-12T10:23:24.00Z,47.9047913,2.1697953,636.462,-20.84,9.71,2.82,0.459,0.990,0.15,155.02108,0.40764,3,15
2026-09-12T10:23:24.10Z,47.9047726,2.1698082,636.190,-20.65,9.51,2.62,0.459,0.989,0.15,155.28451,0.37144,3,15
2026-09-12T10:23:24.20Z,47.9047541,2.1698209,635.925,-20.52,9.48,2.33,0.458,0.989,0.15,155.20957,0.36009,3,15
2026-09-12T10:23:24.30Z,47.9047358,2.1698335,635.695,-20.38,9.39,2.07,0.458,0.988,0.15,155.26255,0.36262,3,15
2026-09-12T10:23:24.40Z,47.9047176,2.1698461,635.493,-20.11,9.45,1.80,0.458,0.988,0.15,154.82033,0.36164,3,15
2026-09-12T10:23:24.50Z,47.9046996,2.1698588,635.309,-19.83,9.50,1.79,0.457,0.987,0.15,154.40772,0.36523,3,15
2026-09-12T10:23:24.60Z,47.9046819,2.1698717,635.148,-19.45,9.81,1.67,0.457,0.986,0.15,153.23767,0.36399,3,15
2026-09-12T10:23:24.70Z,47.9046645,2.1698850,634.992,-19.25,10.06,1.46,0.456,0.984,0.15,152.41118,0.35446,3,15
2026-09-12T10:23:24.80Z,47.9046473,2.1698984,634.844,-18.94,10.01,1.45,0.456,0.983,0.15,152.13541,0.35877,3,15
2026-09-12T10:23:24.90Z,47.9046305,2.1699119,634.695,-18.57,10.19,1.42,0.455,0.981,0.15,151.24003,0.35744,3,15
2026-09-12T10:23:25.00Z,47.9046139,2.1699257,634.541,-18.45,10.35,1.41,0.454,0.979,0.15,150.69755,0.35690,3,15
2026-09-12T10:23:25.10Z,47.9045974,2.1699397,634.382,-18.12,10.51,1.51,0.454,0.977,0.15,149.87968,0.36063,3,15
2026-09-12T10:23:25.20Z,47.9045813,2.1699538,634.213,-17.82,10.64,1.62,0.453,0.976,0.15,149.16901,0.36190,3,15
2026-09-12T10:23:25.30Z,47.9045654,2.1699682,634.039,-17.57,10.82,1.66,0.453,0.974,0.15,148.37725,0.36428,3,15
2026-09-12T10:23:25.40Z,47.9045497,2.1699828,633.854,-17.29,10.97,1.72,0.452,0.972,0.15,147.61971,0.35131,3,15
2026-09-12T10:23:25.50Z,47.9045343,2.1699976,633.670,-16.97,11.05,1.76,0.451,0.970,0.15,146.93213,0.35563,3,15
2026-09-12T10:23:25.60Z,47.9045192,2.1700125,633.468,-16.80,11.22,1.70,0.451,0.969,0.15,146.27731,0.35777,3,15
2026-09-12T10:23:25.70Z,47.9045042,2.1700275,633.260,-16.64,11.19,2.02,0.450,0.967,0.15,146.07749,0.35816,3,15
2026-09-12T10:23:25.80Z,47.9044893,2.1700425,633.028,-16.40,11.25,2.39,0.450,0.965,0.15,145.55801,0.36140,3,15
2026-09-12T10:23:25.90Z,47.9044747,2.1700575,632.743,-16.10,11.13,2.84,0.449,0.963,0.15,145.33974,0.36721,3,15
2026-09-12T10:23:26.00Z,47.9044602,2.1700724,632.421,-16.16,11.15,3.47,0.448,0.962,0.15,145.39705,0.37523,3,15
2026-09-12T10:23:26.10Z,47.9044457,2.1700874,632.046,-16.18,11.22,4.03,0.448,0.960,0.15,145.24947,0.37735,3,15
2026-09-12T10:23:26.20Z,47.9044312,2.1701024,631.593,-16.03,11.23,4.52,0.448,0.959,0.15,144.98652,0.38911,3,15
2026-09-12T10:23:26.30Z,47.9044169,2.1701175,631.090,-15.89,11.25,5.10,0.447,0.958,0.15,144.69445,0.39148,3,15
2026-09-12T10:23:26.40Z,47.9044026,2.1701326,630.548,-15.90,11.22,5.59,0.447,0.958,0.15,144.78211,0.38972,3,15
2026-09-12T10:23:26.50Z,47.9043883,2.1701477,629.958,-15.85,11.28,6.02,0.446,0.957,0.15,144.54913,0.39112,3,15
2026-09-12T10:23:26.60Z,47.9043741,2.1701628,629.327,-15.85,11.29,6.49,0.446,0.956,0.16,144.52336,0.39717,3,15
2026-09-12T10:23:26.70Z,47.9043598,2.1701780,628.629,-15.96,11.43,6.96,0.446,0.955,0.15,144.39844,0.42677,3,15
2026-09-12T10:23:26.80Z,47.9043454,2.1701932,627.882,-16.12,11.35,7.56,0.445,0.955,0.15,144.85737,0.42390,3,15
2026-09-12T10:23:26.90Z,47.9043309,2.1702084,627.100,-15.98,11.32,8.01,0.445,0.954,0.15,144.69685,0.42058,3,15
2026-09-12T10:23:27.00Z,47.9043165,2.1702235,626.273,-16.00,11.30,8.38,0.445,0.953,0.15,144.75577,0.41649,3,15
2026-09-12T10:23:27.10Z,47.9043022,2.1702388,625.414,-15.90,11.46,8.87,0.444,0.952,0.15,144.21610,0.41200,3,15
2026-09-12T10:23:27.20Z,47.9042880,2.1702542,624.485,-15.75,11.48,9.25,0.508,0.969,0.15,143.91798,0.41110,3,15
2026-09-12T10:23:27.40Z,47.9042593,2.1702855,622.516,-16.08,11.90,10.28,0.508,0.970,0.16,143.51135,0.38483,3,15
2026-09-12T10:23:27.50Z,47.9042449,2.1703014,621.449,-16.00,11.87,10.86,0.507,0.968,0.16,143.41327,0.39336,3,15
2026-09-12T10:23:27.60Z,47.9042304,2.1703174,620.336,-16.04,11.99,11.28,0.507,0.967,0.16,143.23098,0.39375,3,15
2026-09-12T10:23:27.70Z,47.9042160,2.1703335,619.190,-16.04,12.06,11.63,0.506,0.966,0.16,143.07242,0.38388,3,15
2026-09-12T10:23:27.80Z,47.9042015,2.1703496,618.010,-15.94,12.12,12.05,0.505,0.964,0.17,142.75911,0.35719,3,15
2026-09-12T10:23:27.90Z,47.9041871,2.1703660,616.789,-15.96,12.39,12.44,0.504,0.962,0.18,142.17670,0.34508,3,15
2026-09-12T10:23:28.00Z,47.9041727,2.1703829,615.522,-15.99,12.76,12.87,0.503,0.960,0.19,141.42321,0.34581,3,15
2026-09-12T10:23:28.10Z,47.9041583,2.1703999,614.231,-15.86,12.85,13.28,0.503,0.958,0.21,140.98935,0.35356,3,15
2026-09-12T10:23:28.20Z,47.9041440,2.1704174,612.910,-15.71,13.18,13.64,0.502,0.956,0.22,140.00145,0.37375,3,15
2026-09-12T10:23:28.30Z,47.9041299,2.1704352,611.526,-15.57,13.44,13.95,0.502,0.954,0.22,139.18866,0.38197,3,15
2026-09-12T10:23:28.40Z,47.9041159,2.1704533,610.126,-15.49,13.66,14.33,0.502,0.952,0.23,138.59743,0.40827,3,15
2026-09-12T10:23:28.50Z,47.9041020,2.1704718,608.694,-15.32,14.06,14.68,0.503,0.950,0.23,137.46534,0.43674,3,15
2026-09-12T10:23:28.60Z,47.9040882,2.1704908,607.222,-15.14,14.37,15.13,0.503,0.949,0.22,136.50242,0.44439,3,15
2026-09-12T10:23:28.70Z,47.9040747,2.1705103,605.699,-14.89,14.68,15.52,0.503,0.946,0.22,135.40997,0.43195,3,15
2026-09-12T10:23:28.80Z,47.9040613,2.1705301,604.128,-14.68,15.03,15.99,0.503,0.944,0.22,134.32391,0.42785,3,15
2026-09-12T10:23:28.90Z,47.9040482,2.1705504,602.515,-14.43,15.37,16.40,0.503,0.942,0.22,133.19249,0.42282,3,15
2026-09-12T10:23:29.00Z,47.9040353,2.1705713,600.861,-14.12,15.87,16.89,0.504,0.941,0.23,131.67301,0.42455,3,15
2026-09-12T10:23:29.10Z,47.9040227,2.1705929,599.166,-13.70,16.39,17.13,0.504,0.939,0.24,129.89954,0.42673,3,15
2026-09-12T10:23:29.20Z,47.9040104,2.1706152,597.451,-13.57,16.95,17.32,0.505,0.937,0.24,128.67382,0.40982,3,15
2026-09-12T10:23:29.40Z,47.9039866,2.1706617,593.907,-12.82,17.78,18.22,0.508,0.938,0.24,125.79196,0.39723,3,15
2026-09-12T10:23:29.50Z,47.9039752,2.1706858,592.089,-12.35,18.22,18.55,0.509,0.936,0.23,124.12705,0.38950,3,15
2026-09-12T10:23:29.60Z,47.9039643,2.1707103,590.220,-11.84,18.62,18.94,0.509,0.934,0.22,122.46711,0.40592,3,15
2026-09-12T10:23:29.70Z,47.9039538,2.1707355,588.313,-11.30,19.14,19.39,0.509,0.932,0.20,120.56001,0.39659,3,15
2026-09-12T10:23:29.80Z,47.9039438,2.1707613,586.344,-10.92,19.58,19.95,0.509,0.929,0.20,119.15850,0.41524,3,15
2026-09-12T10:23:29.90Z,47.9039342,2.1707876,584.346,-10.28,19.79,20.33,0.509,0.927,0.20,117.46100,0.42596,3,15
2026-09-12T10:23:30.00Z,47.9039253,2.1708144,582.307,-9.56,20.28,20.58,0.509,0.925,0.19,115.23682,0.42979,3,15
2026-09-12T10:23:30.10Z,47.9039169,2.1708419,580.239,-8.97,20.79,20.89,0.509,0.923,0.19,113.34527,0.43068,3,15
2026-09-12T10:23:30.20Z,47.9039091,2.1708699,578.124,-8.43,21.12,21.38,0.508,0.921,0.19,111.75027,0.43190,3,15
2026-09-12T10:23:30.30Z,47.9039018,2.1708982,575.963,-7.62,21.37,21.90,0.508,0.919,0.18,109.62358,0.43874,3,15
2026-09-12T10:23:30.40Z,47.9038953,2.1709270,573.765,-6.82,21.63,22.09,0.507,0.917,0.17,107.50447,0.47417,3,15
2026-09-12T10:23:30.50Z,47.9038895,2.1709563,571.536,-6.11,21.99,22.46,0.507,0.915,0.17,105.53355,0.47569,3,15
2026-09-12T10:23:30.60Z,47.9038843,2.1709860,569.271,-5.34,22.38,22.84,0.506,0.913,0.17,103.41863,0.49481,3,15
2026-09-12T10:23:30.70Z,47.9038799,2.1710161,566.979,-4.49,22.47,23.23,0.506,0.911,0.17,101.29874,0.51461,3,15
2026-09-12T10:23:30.80Z,47.9038761,2.1710464,564.648,-3.67,22.63,23.61,0.505,0.909,0.16,99.20246,0.55704,3,15
2026-09-12T10:23:30.90Z,47.9038732,2.1710769,562.271,-2.81,22.74,24.08,0.505,0.908,0.16,97.03178,0.62714,3,15
2026-09-12T10:23:31.00Z,47.9038710,2.1711076,559.864,-2.00,22.96,24.25,0.505,0.906,0.16,94.97141,0.62583,3,15
2026-09-12T10:23:31.10Z,47.9038697,2.1711384,557.421,-0.90,22.99,24.67,0.505,0.905,0.16,92.23214,0.67759,3,15
2026-09-12T10:23:31.20Z,47.9038695,2.1711692,554.926,0.32,23.05,25.12,0.505,0.903,0.16,89.21494,0.69700,3,15
2026-09-12T10:23:31.40Z,47.9038715,2.1712310,549.835,1.87,23.14,25.63,0.509,0.905,0.18,85.36946,0.72371,3,15
2026-09-12T10:23:31.50Z,47.9038737,2.1712618,547.249,2.94,23.03,25.81,0.509,0.903,0.18,82.72050,0.70087,3,15
2026-09-12T10:23:31.60Z,47.9038769,2.1712925,544.629,3.95,22.89,26.23,0.510,0.902,0.17,80.21524,0.64777,3,15
2026-09-12T10:23:31.70Z,47.9038810,2.1713230,541.973,4.93,22.70,26.64,0.510,0.901,0.18,77.75135,0.65210,3,15
2026-09-12T10:23:31.80Z,47.9038858,2.1713533,539.280,5.74,22.50,26.99,0.510,0.900,0.18,75.67672,0.65957,3,15
2026-09-12T10:23:31.90Z,47.9038915,2.1713830,536.567,6.80,21.86,27.19,0.510,0.899,0.19,72.71228,0.69952,3,15
2026-09-12T10:23:32.00Z,47.9038982,2.1714119,533.833,7.98,21.44,27.47,0.510,0.899,0.21,69.59158,0.75272,3,15
2026-09-12T10:23:32.10Z,47.9039057,2.1714403,531.048,8.80,21.14,27.88,0.511,0.898,0.22,67.40507,0.84924,3,15
2026-09-12T10:23:32.20Z,47.9039141,2.1714683,528.227,9.82,20.61,28.21,0.513,0.898,0.23,64.52261,0.81389,3,15
2026-09-12T10:23:32.30Z,47.9039235,2.1714954,525.390,10.84,20.01,28.37,0.514,0.899,0.23,61.56243,0.71076,3,15
2026-09-12T10:23:32.40Z,47.9039337,2.1715219,522.523,11.85,19.43,28.74,0.514,0.899,0.24,58.61766,0.69857,3,15
2026-09-12T10:23:32.50Z,47.9039448,2.1715475,519.628,12.86,18.73,28.97,0.515,0.900,0.24,55.53479,0.65622,3,15
2026-09-12T10:23:32.60Z,47.9039568,2.1715719,516.695,13.80,17.77,29.35,0.516,0.901,0.25,52.18079,0.65080,3,15
2026-09-12T10:23:32.70Z,47.9039696,2.1715952,513.729,14.57,16.96,29.87,0.516,0.902,0.25,49.34779,0.64050,3,15
2026-09-12T10:23:32.80Z,47.9039830,2.1716173,510.734,15.30,15.98,30.08,0.517,0.903,0.26,46.25341,0.63221,3,15
2026-09-12T10:23:32.90Z,47.9039971,2.1716379,507.718,16.10,14.90,30.27,0.517,0.905,0.29,42.78970,0.67713,3,15
2026-09-12T10:23:33.00Z,47.9040119,2.1716570,504.662,16.66,13.63,30.67,0.519,0.906,0.29,39.28274,0.64267,3,15
2026-09-12T10:23:33.10Z,47.9040272,2.1716743,501.571,17.27,12.34,31.15,0.519,0.907,0.29,35.54242,0.62047,3,15
2026-09-12T10:23:33.20Z,47.9040428,2.1716899,498.430,17.59,10.96,31.27,0.520,0.908,0.29,31.92578,0.60328,3,15
2026-09-12T10:23:33.40Z,47.9040755,2.1717157,492.106,18.75,8.33,31.81,0.524,0.915,0.31,23.94967,0.57402,3,15
2026-09-12T10:23:33.50Z,47.9040925,2.1717259,488.896,19.09,6.94,32.13,0.526,0.917,0.31,19.96528,0.55006,3,15
2026-09-12T10:23:33.60Z,47.9041098,2.1717341,485.666,19.26,5.29,32.44,0.526,0.918,0.31,15.36689,0.53887,3,15
2026-09-12T10:23:33.70Z,47.9041271,2.1717403,482.403,19.33,3.97,32.73,0.527,0.920,0.29,11.60419,0.53091,3,15
2026-09-12T10:23:33.80Z,47.9041444,2.1717448,479.125,19.23,2.77,32.85,0.526,0.921,0.27,8.20200,0.51895,3,15
2026-09-12T10:23:33.90Z,47.9041617,2.1717474,475.835,19.20,1.12,32.85,0.526,0.923,0.27,3.35170,0.53388,3,15
2026-09-12T10:23:34.00Z,47.9041791,2.1717477,472.524,19.36,-0.61,32.91,0.525,0.924,0.26,358.20154,0.52178,3,15
2026-09-12T10:23:34.10Z,47.9041964,2.1717460,469.195,19.16,-1.85,33.40,0.525,0.925,0.26,354.48151,0.52072,3,15
2026-09-12T10:23:34.20Z,47.9042133,2.1717423,465.851,18.57,-3.46,33.41,0.524,0.926,0.26,349.43813,0.52489,3,15
2026-09-12T10:23:34.30Z,47.9042299,2.1717366,462.508,18.27,-4.99,33.41,0.524,0.927,0.27,344.71352,0.51484,3,15
2026-09-12T10:23:34.40Z,47.9042461,2.1717290,459.156,17.82,-6.31,33.63,0.523,0.928,0.26,340.49442,0.50941,3,15
2026-09-12T10:23:34.50Z,47.9042619,2.1717196,455.801,17.39,-7.61,33.66,0.523,0.929,0.26,336.35843,0.49556,3,15
2026-09-12T10:23:34.60Z,47.9042771,2.1717086,452.433,16.58,-8.88,33.66,0.522,0.929,0.26,331.82086,0.51434,3,15
2026-09-12T10:23:34.70Z,47.9042916,2.1716958,449.068,15.69,-10.28,33.81,0.522,0.930,0.26,326.75215,0.52372,3,15
2026-09-12T10:23:34.80Z,47.9043053,2.1716812,445.701,14.88,-11.52,34.04,0.521,0.930,0.26,322.25902,0.51280,3,15
2026-09-12T10:23:34.90Z,47.9043183,2.1716650,442.287,14.01,-12.62,33.84,0.520,0.931,0.26,317.99373,0.52937,3,15
2026-09-12T10:23:35.00Z,47.9043305,2.1716473,438.888,13.18,-13.78,33.74,0.520,0.932,0.26,313.71905,0.54755,3,15
2026-09-12T10:23:35.10Z,47.9043420,2.1716281,435.510,12.22,-14.89,33.72,0.519,0.932,0.26,309.38841,0.53751,3,15
2026-09-12T10:23:35.20Z,47.9043524,2.1716074,432.128,11.04,-15.95,33.63,0.518,0.933,0.25,304.69386,0.52706,3,15
2026-09-12T10:23:35.40Z,47.9043702,2.1715619,425.409,8.73,-18.04,33.46,0.520,0.939,0.28,295.81723,0.51093,3,15
2026-09-12T10:23:35.50Z,47.9043775,2.1715371,422.042,7.56,-18.79,33.64,0.519,0.940,0.27,291.90515,0.49797,3,15
2026-09-12T10:23:35.60Z,47.9043837,2.1715116,418.680,6.16,-19.37,33.28,0.519,0.940,0.27,287.62797,0.48971,3,15
2026-09-12T10:23:35.70Z,47.9043887,2.1714851,415.362,4.71,-20.15,32.83,0.518,0.941,0.26,283.15299,0.48320,3,15
2026-09-12T10:23:35.80Z,47.9043923,2.1714575,412.074,3.29,-21.03,32.78,0.518,0.942,0.27,278.88311,0.48550,3,15
2026-09-12T10:23:35.90Z,47.9043945,2.1714291,408.808,1.80,-21.44,32.75,0.517,0.943,0.28,274.79533,0.47703,3,15
2026-09-12T10:23:36.00Z,47.9043954,2.1714003,405.547,0.07,-21.58,32.60,0.517,0.945,0.28,270.18184,0.46791,3,15
2026-09-12T10:23:36.20Z,47.9043927,2.1713419,399.066,-3.14,-22.04,32.30,0.519,0.952,0.29,261.89244,0.44334,3,15
2026-09-12T10:23:36.30Z,47.9043891,2.1713125,395.838,-4.68,-21.87,32.24,0.519,0.954,0.29,257.91477,0.43229,3,15
2026-09-12T10:23:36.40Z,47.9043842,2.1712835,392.603,-6.26,-21.50,32.32,0.519,0.956,0.29,253.75239,0.42192,3,15
2026-09-12T10:23:36.50Z,47.9043777,2.1712550,389.383,-8.03,-21.10,32.17,0.518,0.958,0.29,249.15443,0.40944,3,15
2026-09-12T10:23:36.60Z,47.9043698,2.1712271,386.149,-9.59,-20.67,32.37,0.518,0.959,0.29,245.11143,0.39773,3,15
2026-09-12T10:23:36.70Z,47.9043604,2.1711999,382.909,-11.19,-19.95,32.29,0.518,0.960,0.26,240.69747,0.39232,3,15
2026-09-12T10:23:36.80Z,47.9043495,2.1711738,379.705,-12.97,-19.18,32.04,0.517,0.961,0.25,235.93305,0.38306,3,15
2026-09-12T10:23:36.90Z,47.9043371,2.1711487,376.467,-14.73,-18.35,32.17,0.516,0.961,0.25,231.24649,0.37027,3,15
2026-09-12T10:23:37.00Z,47.9043232,2.1711249,373.222,-16.07,-17.37,32.54,0.515,0.961,0.24,227.22287,0.36227,3,15
2026-09-12T10:23:37.10Z,47.9043082,2.1711026,369.952,-17.09,-15.95,32.64,0.515,0.962,0.24,223.01780,0.39966,3,15
2026-09-12T10:23:37.20Z,47.9042923,2.1710822,366.687,-18.24,-14.66,32.55,0.514,0.963,0.25,218.79442,0.42956,3,14
2026-09-12T10:23:37.40Z,47.9042575,2.1710469,360.120,-20.40,-11.73,33.12,0.516,0.967,0.24,209.90303,0.44832,3,15
2026-09-12T10:23:37.50Z,47.9042388,2.1710321,356.793,-21.15,-10.46,33.45,0.516,0.967,0.25,206.32387,0.49529,3,15
2026-09-12T10:23:37.60Z,47.9042195,2.1710193,353.443,-21.68,-8.64,33.56,0.515,0.966,0.25,201.73442,0.49885,3,15
2026-09-12T10:23:37.70Z,47.9041998,2.1710090,350.077,-22.05,-6.76,33.90,0.515,0.965,0.26,197.03290,0.50255,3,15
2026-09-12T10:23:37.80Z,47.9041798,2.1710012,346.657,-22.36,-4.97,34.37,0.515,0.964,0.24,192.51914,0.49878,3,15
2026-09-12T10:23:37.90Z,47.9041598,2.1709958,343.218,-22.19,-3.17,34.56,0.515,0.963,0.24,188.12854,0.51344,3,15
2026-09-12T10:23:38.00Z,47.9041400,2.1709931,339.721,-21.85,-1.02,35.11,0.515,0.961,0.23,182.66238,0.50616,3,15
2026-09-12T10:23:38.10Z,47.9041205,2.1709930,336.156,-21.50,0.83,35.63,0.515,0.960,0.23,177.78934,0.51862,3,13
2026-09-12T10:23:38.20Z,47.9041016,2.1709952,332.570,-20.48,2.41,36.31,0.515,0.958,0.23,173.28906,0.50561,3,15
2026-09-12T10:23:38.30Z,47.9040837,2.1709996,328.886,-19.16,4.10,36.95,0.515,0.956,0.23,167.91194,0.51802,3,15
2026-09-12T10:23:38.40Z,47.9040671,2.1710062,325.155,-17.92,5.60,37.67,0.515,0.953,0.23,162.65687,0.52762,3,15
2026-09-12T10:23:38.50Z,47.9040516,2.1710147,321.342,-16.55,6.96,38.19,0.516,0.951,0.23,157.19933,0.54083,3,15
2026-09-12T10:23:38.60Z,47.9040375,2.1710249,317.453,-14.83,8.16,38.69,0.516,0.949,0.23,151.18364,0.55068,3,15
2026-09-12T10:23:38.70Z,47.9040250,2.1710365,313.538,-12.93,9.12,39.33,0.517,0.946,0.23,144.79785,0.57616,3,15
2026-09-12T10:23:38.80Z,47.9040142,2.1710496,309.583,-11.20,10.32,39.48,0.517,0.944,0.23,137.33087,0.57826,3,15
2026-09-12T10:23:38.90Z,47.9040049,2.1710642,305.594,-9.48,11.41,39.87,0.518,0.942,0.23,129.72692,0.61608,3,15
2026-09-12T10:23:39.00Z,47.9039973,2.1710801,301.579,-7.45,12.33,39.98,0.518,0.940,0.23,121.14352,0.66758,3,15
2026-09-12T10:23:39.10Z,47.9039915,2.1710973,297.546,-5.65,13.29,40.35,0.518,0.938,0.23,113.02245,0.72491,3,15
2026-09-12T10:23:39.20Z,47.9039873,2.1711157,293.518,-3.87,14.06,40.19,0.518,0.936,0.22,105.39832,0.76978,3,15
2026-09-12T10:23:39.40Z,47.9039841,2.1711546,285.477,0.26,15.04,40.06,0.521,0.937,0.22,89.01797,0.77219,3,15
2026-09-12T10:23:39.50Z,47.9039851,2.1711750,281.469,2.00,15.26,39.83,0.522,0.935,0.21,82.52390,0.74652,3,15
2026-09-12T10:23:39.60Z,47.9039878,2.1711956,277.502,3.93,15.23,39.55,0.521,0.933,0.21,75.53103,0.76619,3,15
2026-09-12T10:23:39.70Z,47.9039924,2.1712158,273.520,6.19,14.97,39.13,0.521,0.931,0.21,67.53107,0.76789,3,15
2026-09-12T10:23:39.80Z,47.9039988,2.1712355,269.572,8.02,14.39,39.08,0.520,0.930,0.22,60.87731,0.91436,3,15
2026-09-12T10:23:39.90Z,47.9040068,2.1712541,265.663,9.67,13.36,38.99,0.521,0.929,0.26,54.09005,1.17156,3,15
2026-09-12T10:23:40.00Z,47.9040162,2.1712711,261.759,10.97,11.77,38.87,0.522,0.929,0.27,46.99728,1.14597,3,15
2026-09-12T10:23:40.10Z,47.9040264,2.1712857,257.835,11.60,10.12,39.04,0.524,0.929,0.28,41.10895,1.06834,3,15
2026-09-12T10:23:40.20Z,47.9040373,2.1712980,253.916,12.66,8.35,38.77,0.525,0.929,0.25,33.41252,0.81001,3,15
2026-09-12T10:23:40.30Z,47.9040490,2.1713080,250.007,13.23,6.70,39.01,0.525,0.930,0.26,26.88179,0.81122,3,15
2026-09-12T10:23:40.40Z,47.9040610,2.1713156,246.077,13.33,4.83,39.19,0.524,0.931,0.26,19.92314,0.79015,3,15
2026-09-12T10:23:40.50Z,47.9040730,2.1713205,242.125,13.27,2.68,39.27,0.524,0.932,0.26,11.40439,0.78564,3,15
2026-09-12T10:23:40.60Z,47.9040847,2.1713227,238.168,12.83,0.63,39.96,0.523,0.933,0.26,2.82826,0.80261,3,15
2026-09-12T10:23:40.70Z,47.9040958,2.1713222,234.178,11.98,-1.29,40.09,0.522,0.932,0.25,353.86124,0.77733,3,15
2026-09-12T10:23:40.80Z,47.9041059,2.1713191,230.164,10.67,-3.23,40.30,0.521,0.932,0.25,343.17235,0.80376,3,15
2026-09-12T10:23:40.90Z,47.9041150,2.1713139,226.130,9.47,-4.53,40.67,0.520,0.932,0.25,334.45152,0.86809,3,15
2026-09-12T10:23:41.00Z,47.9041228,2.1713069,222.070,7.97,-5.98,40.57,0.519,0.931,0.24,323.13946,0.91619,3,15
2026-09-12T10:23:41.10Z,47.9041291,2.1712980,217.987,6.38,-7.49,40.76,0.518,0.931,0.24,310.41188,0.95172,3,15
2026-09-12T10:23:41.20Z,47.9041341,2.1712871,213.889,4.87,-8.75,41.30,0.518,0.931,0.24,299.08518,0.92846,3,15
2026-09-12T10:23:41.40Z,47.9041398,2.1712603,205.674,1.50,-11.22,40.75,0.518,0.936,0.25,277.59649,0.79451,3,15
2026-09-12T10:23:41.50Z,47.9041402,2.1712445,201.596,-0.19,-12.39,40.74,0.518,0.936,0.25,269.11072,0.72094,3,15
2026-09-12T10:23:41.60Z,47.9041393,2.1712272,197.536,-1.77,-13.54,40.32,0.517,0.936,0.24,262.56319,0.65424,3,15
2026-09-12T10:23:41.70Z,47.9041370,2.1712084,193.521,-3.32,-14.56,40.00,0.516,0.936,0.24,257.13924,0.60143,3,15
2026-09-12T10:23:41.80Z,47.9041333,2.1711882,189.535,-4.83,-15.49,39.58,0.516,0.937,0.24,252.69462,0.55276,3,15
2026-09-12T10:23:41.90Z,47.9041283,2.1711670,185.616,-6.19,-16.23,38.83,0.515,0.938,0.24,249.12338,0.51613,3,15
2026-09-12T10:23:42.00Z,47.9041221,2.1711446,181.769,-7.40,-17.35,38.20,0.514,0.939,0.23,246.88778,0.47506,3,15
2026-09-12T10:23:42.10Z,47.9041148,2.1711205,177.988,-8.72,-18.66,37.52,0.513,0.940,0.23,244.96031,0.43496,3,15
2026-09-12T10:23:42.20Z,47.9041065,2.1710947,174.288,-9.90,-19.90,36.44,0.513,0.941,0.23,243.54639,0.40343,3,15
2026-09-12T10:23:42.30Z,47.9040970,2.1710675,170.678,-11.23,-20.74,35.70,0.512,0.942,0.22,241.57249,0.38047,3,15
2026-09-12T10:23:42.40Z,47.9040863,2.1710392,167.161,-12.29,-21.57,34.80,0.512,0.943,0.22,240.32883,0.36156,3,15
2026-09-12T10:23:42.50Z,47.9040748,2.1710099,163.720,-13.29,-22.25,33.86,0.511,0.944,0.22,239.14462,0.34670,3,15
2026-09-12T10:23:42.60Z,47.9040625,2.1709796,160.412,-14.06,-22.98,32.23,0.510,0.945,0.22,238.53514,0.33366,3,15
2026-09-12T10:23:42.70Z,47.9040496,2.1709482,157.225,-14.65,-23.96,31.43,0.510,0.946,0.21,238.55805,0.32006,3,15
2026-09-12T10:23:42.80Z,47.9040361,2.1709158,154.108,-15.29,-24.56,30.51,0.509,0.946,0.21,238.09378,0.31070,3,15
2026-09-12T10:23:42.90Z,47.9040221,2.1708824,151.120,-15.99,-25.33,29.20,0.509,0.947,0.21,237.74506,0.30007,3,15
2026-09-12T10:23:43.00Z,47.9040074,2.1708479,148.238,-16.59,-26.21,28.17,0.508,0.948,0.20,237.66136,0.28975,3,15
2026-09-12T10:23:43.10Z,47.9039923,2.1708125,145.459,-16.84,-26.74,27.37,0.507,0.948,0.20,237.80399,0.28422,3,15
2026-09-12T10:23:43.20Z,47.9039772,2.1707764,142.796,-16.79,-27.28,26.04,0.507,0.949,0.20,238.39080,0.28036,3,15
2026-09-12T10:23:43.40Z,47.9039463,2.1707022,137.835,-17.62,-28.20,23.51,0.508,0.954,0.19,238.00460,0.27067,3,15
2026-09-12T10:23:43.50Z,47.9039303,2.1706643,135.533,-17.82,-28.54,22.50,0.507,0.954,0.19,238.02086,0.26677,3,15
2026-09-12T10:23:43.60Z,47.9039142,2.1706259,133.344,-18.10,-28.96,21.24,0.507,0.954,0.18,237.98341,0.26276,3,15
2026-09-12T10:23:43.70Z,47.9038978,2.1705870,131.293,-18.36,-29.18,19.69,0.506,0.954,0.18,237.82535,0.26847,3,15
2026-09-12T10:23:43.80Z,47.9038812,2.1705478,129.388,-18.73,-29.52,18.36,0.505,0.953,0.17,237.61102,0.26874,3,15
2026-09-12T10:23:43.90Z,47.9038643,2.1705081,127.621,-18.84,-29.80,17.05,0.504,0.952,0.17,237.70373,0.26649,3,15
2026-09-12T10:23:44.00Z,47.9038474,2.1704684,125.991,-18.92,-29.71,15.63,0.503,0.951,0.16,237.51030,0.26542,3,15
2026-09-12T10:23:44.10Z,47.9038304,2.1704287,124.483,-19.05,-29.73,14.18,0.502,0.950,0.16,237.35739,0.26468,3,15
2026-09-12T10:23:44.20Z,47.9038133,2.1703889,123.132,-19.06,-29.93,12.73,0.501,0.949,0.16,237.51230,0.27710,3,15
2026-09-12T10:23:44.30Z,47.9037964,2.1703489,121.906,-18.59,-29.95,11.59,0.500,0.948,0.16,238.17070,0.27932,3,15
2026-09-12T10:23:44.40Z,47.9037798,2.1703089,120.805,-18.35,-29.88,10.26,0.499,0.947,0.15,238.43723,0.28090,3,15
2026-09-12T10:23:44.50Z,47.9037633,2.1702689,119.861,-18.27,-30.09,8.65,0.498,0.946,0.15,238.73079,0.28483,3,15
2026-09-12T10:23:44.60Z,47.9037472,2.1702287,119.041,-17.61,-30.10,7.49,0.497,0.944,0.15,239.66283,0.28811,3,15
2026-09-12T10:23:44.70Z,47.9037316,2.1701885,118.350,-17.12,-30.07,6.56,0.496,0.943,0.15,240.34312,0.29806,3,15
2026-09-12T10:23:44.80Z,47.9037164,2.1701485,117.721,-16.77,-29.87,5.54,0.495,0.941,0.14,240.69175,0.31050,3,15
2026-09-12T10:23:44.90Z,47.9037015,2.1701087,117.219,-16.38,-29.82,4.41,0.495,0.940,0.13,241.21138,0.30628,3,15
2026-09-12T10:23:45.00Z,47.9036872,2.1700689,116.805,-15.45,-29.74,3.76,0.494,0.938,0.13,242.55284,0.31193,3,15
2026-09-12T10:23:45.10Z,47.9036737,2.1700293,116.448,-14.74,-29.53,3.02,0.493,0.937,0.13,243.48221,0.32434,3,15
2026-09-12T10:23:45.20Z,47.9036609,2.1699899,116.148,-13.79,-29.50,2.46,0.492,0.935,0.12,244.95556,0.33817,3,15
2026-09-12T10:23:45.40Z,47.9036378,2.1699115,115.704,-12.02,-29.12,1.63,0.494,0.936,0.13,247.57880,0.38472,3,15
2026-09-12T10:23:45.50Z,47.9036275,2.1698726,115.545,-10.94,-28.94,1.40,0.494,0.934,0.12,249.29009,0.39041,3,15
2026-09-12T10:23:45.60Z,47.9036181,2.1698339,115.441,-10.35,-28.93,0.85,0.494,0.932,0.13,250.30997,0.40124,3,15
2026-09-12T10:23:45.70Z,47.9036092,2.1697954,115.365,-9.46,-28.65,0.33,0.494,0.932,0.13,251.72925,0.40787,3,15
2026-09-12T10:23:45.80Z,47.9036013,2.1697573,115.312,-8.18,-28.37,0.38,0.494,0.931,0.13,253.91898,0.43235,3,15
2026-09-12T10:23:45.90Z,47.9035941,2.1697198,115.309,-7.98,-27.90,-0.07,0.494,0.929,0.13,254.04059,0.43499,3,15
2026-09-12T10:23:46.00Z,47.9035871,2.1696828,115.349,-7.61,-27.46,-0.61,0.494,0.928,0.13,254.50302,0.43301,3,15
2026-09-12T10:23:46.10Z,47.9035807,2.1696463,115.410,-6.68,-27.21,-0.62,0.493,0.927,0.12,256.21477,0.43321,3,14
2026-09-12T10:23:46.20Z,47.9035748,2.1696102,115.519,-6.53,-26.89,-1.24,0.493,0.925,0.11,256.34179,0.36687,3,15
2026-09-12T10:23:46.30Z,47.9035691,2.1695745,115.613,-6.19,-26.60,-1.17,0.492,0.924,0.11,256.89429,0.37151,3,15
2026-09-12T10:23:46.40Z,47.9035637,2.1695392,115.703,-5.85,-26.19,-1.16,0.491,0.922,0.11,257.40799,0.37803,3,15
2026-09-12T10:23:46.50Z,47.9035585,2.1695046,115.830,-5.71,-25.78,-1.11,0.491,0.920,0.11,257.52172,0.39028,3,15
2026-09-12T10:23:46.60Z,47.9035535,2.1694703,115.921,-5.32,-25.57,-0.90,0.490,0.918,0.11,258.25251,0.40575,3,15
2026-09-12T10:23:46.70Z,47.9035487,2.1694364,116.000,-5.38,-25.10,-0.88,0.490,0.917,0.11,257.89635,0.39234,3,15
2026-09-12T10:23:46.80Z,47.9035442,2.1694033,116.105,-4.84,-24.69,-0.67,0.489,0.915,0.11,258.91515,0.41110,3,15
2026-09-12T10:23:46.90Z,47.9035399,2.1693704,116.123,-4.56,-24.45,-0.50,0.488,0.913,0.11,259.43638,0.41045,3,15
2026-09-12T10:23:47.00Z,47.9035359,2.1693382,116.183,-4.42,-23.91,-0.37,0.488,0.912,0.11,259.52800,0.42902,3,15
2026-09-12T10:23:47.10Z,47.9035319,2.1693064,116.205,-4.45,-23.63,-0.29,0.487,0.910,0.11,259.33741,0.42769,3,15
2026-09-12T10:23:47.20Z,47.9035281,2.1692751,116.224,-4.04,-23.30,-0.18,0.486,0.909,0.11,260.16287,0.44029,3,15
2026-09-12T10:23:47.40Z,47.9035208,2.1692137,116.239,-4.06,-22.60,-0.07,0.488,0.910,0.12,259.81394,0.47708,3,15
2026-09-12T10:23:47.50Z,47.9035172,2.1691837,116.246,-4.00,-22.33,-0.13,0.487,0.909,0.12,259.83742,0.48371,3,15
2026-09-12T10:23:47.60Z,47.9035136,2.1691542,116.257,-4.06,-21.90,-0.03,0.487,0.908,0.12,259.49137,0.49564,3,15
2026-09-12T10:23:47.70Z,47.9035099,2.1691251,116.250,-4.07,-21.68,-0.18,0.487,0.907,0.12,259.37888,0.49316,3,15
2026-09-12T10:23:47.80Z,47.9035064,2.1690965,116.258,-3.91,-21.25,-0.05,0.486,0.905,0.13,259.57073,0.50559,3,15
2026-09-12T10:23:47.90Z,47.9035028,2.1690684,116.268,-4.13,-20.79,-0.06,0.486,0.904,0.13,258.76943,0.49872,3,15
2026-09-12T10:23:48.00Z,47.9034991,2.1690409,116.292,-4.11,-20.43,-0.18,0.485,0.903,0.13,258.61546,0.50545,3,15
2026-09-12T10:23:48.10Z,47.9034954,2.1690138,116.317,-4.20,-20.12,-0.27,0.485,0.901,0.13,258.20999,0.51697,3,15
2026-09-12T10:23:48.20Z,47.9034916,2.1689871,116.326,-4.40,-19.94,-0.19,0.484,0.900,0.13,257.56306,0.54442,3,15
2026-09-12T10:23:48.30Z,47.9034877,2.1689606,116.354,-4.42,-19.73,-0.21,0.484,0.898,0.15,257.37993,0.56314,3,15
2026-09-12T10:23:48.40Z,47.9034837,2.1689344,116.365,-4.51,-19.53,-0.10,0.484,0.897,0.15,256.98461,0.56327,3,15
2026-09-12T10:23:48.50Z,47.9034797,2.1689085,116.379,-4.43,-19.12,0.09,0.484,0.896,0.15,256.96848,0.57298,3,15
2026-09-12T10:23:48.60Z,47.9034757,2.1688832,116.356,-4.54,-18.78,0.42,0.485,0.894,0.15,256.40850,0.58976,3,15
2026-09-12T10:23:48.70Z,47.9034717,2.1688581,116.305,-4.55,-18.75,0.66,0.485,0.893,0.15,256.35453,0.57899,3,15
2026-09-12T10:23:48.80Z,47.9034676,2.1688333,116.218,-4.44,-18.41,0.92,0.485,0.891,0.15,256.43952,0.60071,3,15
2026-09-12T10:23:48.90Z,47.9034637,2.1688094,116.136,-4.31,-17.45,0.83,0.485,0.890,0.16,256.11687,0.64875,3,15
2026-09-12T10:23:49.00Z,47.9034599,2.1687860,116.078,-4.39,-17.68,0.34,0.485,0.889,0.15,256.05772,0.63811,3,15
2026-09-12T10:23:49.10Z,47.9034560,2.1687627,116.033,-4.33,-17.17,0.39,0.486,0.888,0.17,255.84103,0.68153,3,15
2026-09-12T10:23:49.20Z,47.9034521,2.1687399,115.996,-4.35,-17.01,0.23,0.486,0.888,0.17,255.65911,0.69239,3,15
2026-09-12T10:23:49.30Z,47.9034482,2.1687173,115.963,-4.28,-16.78,0.23,0.487,0.887,0.17,255.67885,0.70174,3,15
2026-09-12T10:23:49.40Z,47.9034445,2.1686950,115.950,-4.14,-16.65,0.11,0.487,0.886,0.17,256.02597,0.70466,3,15
2026-09-12T10:23:49.50Z,47.9034408,2.1686731,115.938,-4.02,-16.18,0.26,0.488,0.886,0.16,256.03657,0.70722,3,15
2026-09-12T10:23:49.60Z,47.9034373,2.1686516,115.914,-3.89,-16.06,0.22,0.488,0.885,0.15,256.39688,0.70945,3,15
2026-09-12T10:23:49.70Z,47.9034338,2.1686305,115.878,-3.93,-15.58,0.28,0.488,0.884,0.15,255.85363,0.73050,3,15
2026-09-12T10:23:49.80Z,47.9034304,2.1686100,115.862,-3.83,-15.15,0.15,0.488,0.884,0.15,255.82808,0.72544,3,15
2026-09-12T10:23:49.90Z,47.9034270,2.1685900,115.855,-3.71,-14.92,0.20,0.488,0.883,0.15,256.02994,0.73525,3,15
2026-09-12T10:23:50.00Z,47.9034238,2.1685702,115.819,-3.61,-14.62,0.24,0.489,0.882,0.15,256.11561,0.76998,3,15
2026-09-12T10:23:50.10Z,47.9034205,2.1685509,115.778,-3.67,-14.32,0.34,0.489,0.881,0.16,255.62778,0.79651,3,15
2026-09-12T10:23:50.20Z,47.9034172,2.1685320,115.739,-3.65,-14.08,0.53,0.489,0.880,0.16,255.48411,0.80506,3,15
2026-09-12T10:23:50.30Z,47.9034140,2.1685135,115.679,-3.66,-13.68,0.53,0.490,0.879,0.16,255.01661,0.82817,3,15
2026-09-12T10:23:50.40Z,47.9034107,2.1684953,115.615,-3.60,-13.47,0.45,0.490,0.878,0.16,255.03716,0.84076,3,15
2026-09-12T10:23:50.50Z,47.9034076,2.1684776,115.564,-3.46,-13.15,0.49,0.490,0.877,0.16,255.27347,0.86171,3,15
2026-09-12T10:23:50.60Z,47.9034045,2.1684603,115.509,-3.41,-12.80,0.50,0.491,0.876,0.16,255.09479,0.88543,3,15
2026-09-12T10:23:50.70Z,47.9034014,2.1684433,115.434,-3.40,-12.58,0.65,0.491,0.875,0.16,254.86625,0.90069,3,15
2026-09-12T10:23:50.80Z,47.9033983,2.1684269,115.383,-3.51,-12.20,0.61,0.492,0.874,0.16,253.93111,0.95372,3,15
2026-09-12T10:23:50.90Z,47.9033952,2.1684107,115.306,-3.46,-11.97,0.61,0.492,0.874,0.16,253.87590,0.97605,3,15
2026-09-12T10:23:51.00Z,47.9033921,2.1683948,115.241,-3.50,-11.90,0.67,0.493,0.874,0.16,253.59731,0.98448,3,15
2026-09-12T10:23:51.10Z,47.9033890,2.1683792,115.165,-3.53,-11.61,0.96,0.493,0.873,0.16,253.08494,0.97436,3,15
2026-09-12T10:23:51.20Z,47.9033858,2.1683637,115.051,-3.42,-11.47,0.99,0.493,0.872,0.14,253.40664,0.92484,3,15
2026-09-12T10:23:51.30Z,47.9033828,2.1683486,114.931,-3.32,-11.10,1.20,0.493,0.871,0.14,253.36144,0.95583,3,15
2026-09-12T10:23:51.40Z,47.9033802,2.1683348,114.784,-2.76,-9.64,1.70,0.492,0.870,0.14,254.00101,1.10336,3,15
2026-09-12T10:23:51.50Z,47.9033779,2.1683224,114.681,-2.44,-9.11,0.44,0.493,0.869,0.16,254.97744,1.25205,3,15
2026-09-12T10:23:51.60Z,47.9033754,2.1683100,114.712,-3.13,-9.58,-0.86,0.493,0.869,0.16,251.91496,1.21443,3,15
2026-09-12T10:23:51.70Z,47.9033726,2.1682975,114.755,-3.08,-9.12,-0.07,0.494,0.868,0.16,251.34893,1.27494,3,15
2026-09-12T10:23:51.80Z,47.9033700,2.1682862,114.772,-2.83,-7.98,-0.19,0.494,0.867,0.14,250.48951,1.34346,3,16
2026-09-12T10:23:51.90Z,47.9033676,2.1682756,114.790,-2.62,-7.80,-0.09,0.494,0.865,0.14,251.43009,1.31423,3,16
2026-09-12T10:23:52.00Z,47.9033653,2.1682657,114.819,-2.67,-7.37,0.06,0.494,0.864,0.13,250.65196,1.36943,3,16
2026-09-12T10:23:52.10Z,47.9033630,2.1682571,114.825,-2.46,-5.44,-0.16,0.493,0.862,0.12,248.24038,1.61475,3,16
2026-09-12T10:23:52.20Z,47.9033610,2.1682491,114.803,-2.12,-6.55,0.23,0.492,0.861,0.14,250.51557,1.49174,3,16
2026-09-12T10:23:52.30Z,47.9033592,2.1682411,114.803,-2.03,-5.42,0.10,0.492,0.859,0.13,250.02902,1.72047,3,16
2026-09-12T10:23:52.40Z,47.9033575,2.1682344,114.806,-1.90,-4.75,-0.25,0.492,0.857,0.13,249.16407,1.95595,3,16
2026-09-12T10:23:52.50Z,47.9033559,2.1682282,114.818,-1.64,-4.54,-0.04,0.491,0.856,0.13,249.64412,2.20637,3,16
2026-09-12T10:23:52.60Z,47.9033544,2.1682225,114.824,-1.68,-3.97,-0.04,0.491,0.854,0.13,248.42485,2.48176,3,16
2026-09-12T10:23:52.70Z,47.9033530,2.1682174,114.840,-1.61,-3.80,-0.29,0.491,0.853,0.12,247.71337,2.57288,3,16
2026-09-12T10:23:52.80Z,47.9033515,2.1682128,114.862,-1.68,-3.16,-0.04,0.490,0.852,0.12,245.18322,2.94820,3,16
2026-09-12T10:23:52.90Z,47.9033500,2.1682091,114.879,-1.82,-2.22,-0.71,0.490,0.850,0.12,239.13481,3.54081,3,16
2026-09-12T10:23:53.00Z,47.9033489,2.1682058,114.960,-0.61,-2.70,-1.18,0.489,0.849,0.12,248.55241,3.44254,3,16
2026-09-12T10:23:53.10Z,47.9033483,2.1682024,115.063,-0.84,-2.70,-0.21,0.488,0.848,0.11,250.80356,3.20314,3,16
2026-09-12T10:23:53.20Z,47.9033477,2.1681997,115.104,-0.65,-1.40,-0.65,0.487,0.846,0.12,249.53476,5.97678,3,16
2026-09-12T10:23:53.30Z,47.9033472,2.1681980,115.199,-0.38,-1.10,-0.98,0.486,0.845,0.16,250.10074,7.85280,3,16
2026-09-12T10:23:53.40Z,47.9033470,2.1681964,115.281,-0.27,-1.34,-1.03,0.485,0.844,0.16,255.07331,6.54849,3,16
2026-09-12T10:23:53.50Z,47.9033468,2.1681943,115.380,-0.11,-1.76,-0.55,0.484,0.843,0.13,262.03480,5.26689,3,16
2026-09-12T10:23:53.60Z,47.9033465,2.1681922,115.453,-0.68,-1.57,-0.25,0.483,0.841,0.12,254.70775,5.56040,3,16
2026-09-12T10:23:53.70Z,47.9033458,2.1681905,115.511,-0.96,-1.18,-0.25,0.482,0.838,0.14,243.34680,5.88007,3,16
2026-09-12T10:23:53.80Z,47.9033448,2.1681897,115.584,-1.08,-0.23,-0.49,0.481,0.835,0.17,222.36862,7.06985,3,16
2026-09-12T10:23:53.90Z,47.9033437,2.1681894,115.629,-1.28,-0.35,-0.58,0.480,0.833,0.17,206.45964,5.92291,3,16
2026-09-12T10:23:54.00Z,47.9033429,2.1681893,115.741,-0.71,0.14,-0.66,0.479,0.830,0.17,198.79163,11.66282,3,16
2026-09-12T10:23:54.10Z,47.9033422,2.1681898,115.842,-0.70,0.49,-1.15,0.478,0.827,0.19,169.19265,10.51498,3,16
2026-09-12T10:23:54.20Z,47.9033417,2.1681904,115.977,-0.45,0.20,-1.20,0.477,0.824,0.21,165.28013,15.98361,3,16
2026-09-12T10:23:54.30Z,47.9033413,2.1681908,116.028,-0.27,0.19,0.20,0.476,0.821,0.17,159.29403,24.43024,3,16
2026-09-12T10:23:54.40Z,47.9033410,2.1681911,116.020,-0.31,0.01,0.40,0.475,0.819,0.20,168.16065,25.63019,3,16
2026-09-12T10:23:54.50Z,47.9033405,2.1681909,116.060,-0.70,-0.37,-0.44,0.474,0.816,0.17,202.82636,9.44451,3,16
2026-09-12T10:23:54.60Z,47.9033398,2.1681904,116.136,-0.71,-0.46,-0.36,0.473,0.813,0.17,208.12876,9.21412,3,16
2026-09-12T10:23:54.70Z,47.9033392,2.1681899,116.168,-0.59,-0.39,0.33,0.473,0.811,0.18,210.18518,11.61491,3,16
2026-09-12T10:23:54.80Z,47.9033386,2.1681894,116.174,-0.79,-0.54,0.35,0.472,0.808,0.18,212.77785,8.47313,3,16
2026-09-12T10:23:54.90Z,47.9033378,2.1681888,116.197,-0.83,-0.46,-0.03,0.471,0.806,0.17,210.82158,8.45748,3,16
2026-09-12T10:23:55.00Z,47.9033372,2.1681884,116.225,-0.51,-0.15,-0.09,0.471,0.804,0.17,207.30380,14.69138,3,16
2026-09-12T10:23:55.10Z,47.9033367,2.1681882,116.251,-0.58,-0.18,-0.05,0.470,0.801,0.17,201.50606,12.72387,3,16
2026-09-12T10:23:55.20Z,47.9033361,2.1681880,116.268,-0.70,-0.12,0.13,0.469,0.799,0.18,194.62162,10.86249,3,16
2026-09-12T10:23:55.30Z,47.9033355,2.1681880,116.274,-0.74,0.02,0.29,0.469,0.797,0.19,186.78263,10.94344,3,16
2026-09-12T10:23:55.40Z,47.9033349,2.1681881,116.288,-0.70,0.14,-0.03,0.468,0.795,0.17,178.35191,11.69991,3,16
2026-09-12T10:23:55.50Z,47.9033343,2.1681883,116.317,-0.59,0.03,-0.17,0.468,0.793,0.17,177.81395,13.90916,3,16
2026-09-12T10:23:55.60Z,47.9033337,2.1681884,116.342,-0.77,0.05,0.14,0.467,0.791,0.16,177.02159,11.28526,3,16
2026-09-12T10:23:55.70Z,47.9033331,2.1681883,116.343,-0.61,-0.13,0.24,0.467,0.789,0.17,183.36566,13.47175,3,16
2026-09-12T10:23:55.80Z,47.9033327,2.1681881,116.352,-0.21,-0.16,0.11,0.466,0.788,0.17,188.97931,30.53405,3,16
2026-09-12T10:23:55.90Z,47.9033325,2.1681880,116.357,-0.23,0.05,0.21,0.465,0.786,0.18,180.79840,38.69620,3,16
2026-09-12T10:23:56.00Z,47.9033323,2.1681879,116.349,-0.23,-0.20,0.18,0.465,0.784,0.17,208.05294,26.57787,3,16
2026-09-12T10:23:56.10Z,47.9033322,2.1681877,116.357,0.06,-0.21,0.14,0.464,0.783,0.16,230.38567,42.00082,3,16
2026-09-12T10:23:56.20Z,47.9033322,2.1681874,116.360,-0.03,-0.33,0.22,0.464,0.782,0.17,255.43768,25.88745,3,16
2026-09-12T10:23:56.30Z,47.9033321,2.1681868,116.358,-0.13,-0.44,-0.01,0.464,0.782,0.17,253.86223,19.58577,3,16
2026-09-12T10:23:56.40Z,47.9033321,2.1681861,116.357,0.15,-0.67,0.02,0.463,0.784,0.17,273.21412,13.89327,3,16
2026-09-12T10:23:56.50Z,47.9033323,2.1681852,116.362,0.11,-0.52,0.07,0.463,0.785,0.17,276.42770,17.77330,3,16
2026-09-12T10:23:56.60Z,47.9033323,2.1681845,116.364,0.05,-0.53,0.06,0.463,0.787,0.17,276.03641,18.44695,3,16
2026-09-12T10:23:56.70Z,47.9033325,2.1681837,116.367,0.27,-0.61,0.09,0.463,0.788,0.16,287.19749,14.53557,3,16
2026-09-12T10:23:56.80Z,47.9033328,2.1681831,116.355,0.43,-0.43,-0.03,0.463,0.790,0.15,299.96000,15.69371,3,16
2026-09-12T10:23:56.90Z,47.9033333,2.1681826,116.352,0.58,-0.35,0.02,0.462,0.791,0.16,316.29038,13.84754,3,16
2026-09-12T10:23:57.00Z,47.9033338,2.1681821,116.358,0.58,-0.31,0.12,0.462,0.792,0.17,323.96606,13.81573,3,16
2026-09-12T10:23:57.10Z,47.9033344,2.1681817,116.355,0.64,-0.24,0.17,0.462,0.794,0.17,331.90900,13.22443,3,16
2026-09-12T10:23:57.20Z,47.9033349,2.1681814,116.354,0.69,-0.16,0.25,0.462,0.795,0.18,339.83385,12.63994,3,16
2026-09-12T10:23:57.30Z,47.9033355,2.1681812,116.347,0.58,-0.15,-0.06,0.461,0.796,0.15,342.47902,14.11721,3,16
2026-09-12T10:23:57.40Z,47.9033359,2.1681810,116.341,0.27,-0.26,-0.11,0.461,0.797,0.15,335.24850,22.98215,3,16
2026-09-12T10:23:57.50Z,47.9033361,2.1681806,116.353,0.25,-0.23,-0.02,0.460,0.798,0.15,326.87318,25.29116,3,16
2026-09-12T10:23:57.60Z,47.9033363,2.1681804,116.380,0.32,-0.08,0.14,0.460,0.799,0.18,336.51981,25.04037,3,16
2026-09-12T10:23:57.70Z,47.9033365,2.1681805,116.383,0.32,0.32,0.11,0.459,0.799,0.15,20.17158,18.94769,3,16
2026-09-12T10:23:57.80Z,47.9033367,2.1681809,116.383,0.15,0.38,0.27,0.459,0.798,0.15,41.72784,20.74350,3,16
2026-09-12T10:23:57.90Z,47.9033366,2.1681813,116.384,-0.17,0.25,0.31,0.458,0.798,0.18,72.03768,27.23051,3,16
2026-09-12T10:23:58.00Z,47.9033364,2.1681815,116.369,-0.24,-0.07,0.38,0.457,0.798,0.23,117.33119,35.91552,3,16
2026-09-12T10:23:58.10Z,47.9033362,2.1681814,116.334,-0.25,-0.11,-0.04,0.457,0.799,0.19,160.30723,36.01611,3,16
2026-09-12T10:23:58.20Z,47.9033360,2.1681813,116.339,-0.14,-0.11,0.11,0.457,0.801,0.23,160.30723,36.01641,3,16
2026-09-12T10:23:58.30Z,47.9033359,2.1681812,116.337,-0.14,-0.11,0.12,0.458,0.802,0.25,160.30723,36.01672,3,16
2026-09-12T10:23:58.40Z,47.9033358,2.1681811,116.344,-0.09,-0.07,0.02,0.460,0.805,0.29,160.30723,36.01708,3,16
2026-09-12T10:23:58.50Z,47.9033358,2.1681811,116.355,0.00,-0.07,0.04,0.462,0.808,0.27,160.30723,36.01742,3,16
2026-09-12T10:23:58.60Z,47.9033358,2.1681811,116.360,0.01,0.04,0.01,0.464,0.811,0.30,160.30723,36.01780,3,16
2026-09-12T10:23:58.70Z,47.9033358,2.1681812,116.362,0.07,-0.03,-0.04,0.467,0.815,0.33,160.30723,36.01821,3,16
